Variable,Nombre,Grado_Best,Grado_Worst,Diferencia_D,Abs_Diferencia
test preparation course,test preparation cou…,1.58519,0.677966,-0.907224,0.9072240000000001
gender,gender,3.265866,4.083636,0.81777,0.8177700000000003
writing score,writing score,0.812102,0.873418,0.061316,0.06131600000000004
reading score,reading score,1.778989,1.838497,0.059508,0.059508000000000116
race/ethnicity,race/ethnicity,0.846535,0.829897,-0.016638,0.01663800000000004
parental level of education,parental level of ed…,0.880645,0.870968,-0.009677,0.009677000000000047
lunch,lunch,0.747899,0.739726,-0.008173,0.008172999999999986
