,gender,race/ethnicity,parental level of education,lunch,test preparation course,reading score,writing score
gender,0.0,0.838863,0.866667,0.721429,0.699248,0.961165,0.961905
race/ethnicity,0.838863,0.0,0.91,0.853081,0.834123,1.0,1.0
parental level of education,0.866667,0.91,0.0,0.876667,0.866667,1.0,1.0
lunch,0.721429,0.853081,0.876667,0.0,0.721429,0.977346,0.974603
test preparation course,0.699248,0.834123,0.866667,0.721429,0.0,0.970874,0.971429
reading score,0.961165,1.0,1.0,0.977346,0.970874,0.0,0.834921
writing score,0.961905,1.0,1.0,0.974603,0.971429,0.834921,0.0
