,gender,race/ethnicity,parental level of education,lunch,test preparation course,reading score,writing score
gender,0.0,0.825,0.864407,0.729927,0.684615,0.971246,0.964401
race/ethnicity,0.825,0.0,0.898305,0.86,0.85,1.0,1.0
parental level of education,0.864407,0.898305,0.0,0.884746,0.864407,1.0,1.0
lunch,0.729927,0.86,0.884746,0.0,0.751825,0.996805,0.983819
test preparation course,0.684615,0.85,0.864407,0.751825,0.0,0.974441,0.967638
reading score,0.971246,1.0,1.0,0.996805,0.974441,0.0,0.84345
writing score,0.964401,1.0,1.0,0.983819,0.967638,0.84345,0.0
