,gender,race/ethnicity,parental level of education,lunch,test preparation course,reading score,writing score
gender,0.0,0.829897,0.870968,0.739726,0.677966,0.965079,0.968354
race/ethnicity,0.829897,0.0,0.903226,0.840206,0.835052,1.0,1.0
parental level of education,0.870968,0.903226,0.0,0.890323,0.880645,1.0,1.0
lunch,0.739726,0.840206,0.890323,0.0,0.746575,0.993651,0.996835
test preparation course,0.677966,0.835052,0.880645,0.746575,0.0,0.980952,0.984177
reading score,0.965079,1.0,1.0,0.993651,0.980952,0.0,0.873418
writing score,0.968354,1.0,1.0,0.996835,0.984177,0.873418,0.0
