,gender,race/ethnicity,parental level of education,lunch,test preparation course,reading score,writing score
gender,0.0,0.846535,0.883871,0.747899,0.704545,0.966887,0.968153
race/ethnicity,0.846535,0.0,0.922581,0.89604,0.851485,1.0,1.0
parental level of education,0.883871,0.922581,0.0,0.912903,0.880645,1.0,1.0
lunch,0.747899,0.89604,0.912903,0.0,0.772727,0.993377,0.990446
test preparation course,0.704545,0.851485,0.880645,0.772727,0.0,0.976821,0.977707
reading score,0.966887,1.0,1.0,0.993377,0.976821,0.0,0.812102
writing score,0.968153,1.0,1.0,0.990446,0.977707,0.812102,0.0
