Variable,Nombre,Grado_Best,Grado_Worst,Diferencia_D,Abs_Diferencia
gender,gender,2.704608,3.615276,0.910668,0.9106680000000003
test preparation course,test preparation cou…,2.507945,1.600963,-0.906982,0.906982
lunch,lunch,0.80402,0.819048,0.015028,0.015028000000000041
race/ethnicity,race/ethnicity,0.915663,0.919075,0.003412,0.0034119999999999706
reading score,reading score,1.899306,1.902564,0.003258,0.003257999999999983
writing score,writing score,0.899306,0.902564,0.003258,0.003257999999999983
parental level of education,parental level of ed…,0.91498,0.914286,-0.000694,0.0006939999999999724
