,gender,race/ethnicity,parental level of education,lunch,test preparation course,reading score,writing score
gender,0.0,0.915663,0.921053,0.827225,0.788945,1.0,1.0
race/ethnicity,0.915663,0.0,0.959514,0.945783,0.924699,1.0,1.0
parental level of education,0.921053,0.959514,0.0,0.933198,0.91498,1.0,1.0
lunch,0.827225,0.945783,0.933198,0.0,0.80402,1.0,1.0
test preparation course,0.788945,0.924699,0.91498,0.80402,0.0,1.0,1.0
reading score,1.0,1.0,1.0,1.0,1.0,0.0,0.899306
writing score,1.0,1.0,1.0,1.0,1.0,0.899306,0.0
