,gender,race/ethnicity,parental level of education,lunch,test preparation course,reading score,writing score
gender,0.0,0.919075,0.914286,0.828571,0.781915,1.0,1.0
race/ethnicity,0.919075,0.0,0.957143,0.947977,0.921965,1.0,1.0
parental level of education,0.914286,0.957143,0.0,0.936735,0.916327,1.0,1.0
lunch,0.828571,0.947977,0.936735,0.0,0.819048,1.0,1.0
test preparation course,0.781915,0.921965,0.916327,0.819048,0.0,1.0,1.0
reading score,1.0,1.0,1.0,1.0,1.0,0.0,0.902564
writing score,1.0,1.0,1.0,1.0,1.0,0.902564,0.0
