Variable,Nombre,Grado_Best,Grado_Worst,Diferencia_D,Abs_Diferencia
gender,gender,4.020779,1.6375,-2.383279,2.383279
test preparation course,test preparation cou…,0.715909,2.252083,1.536174,1.536174
reading score,reading score,0.704545,1.699931,0.995386,0.9953860000000001
writing score,writing score,1.630681,0.762431,-0.86825,0.8682500000000001
lunch,lunch,0.730769,1.526157,0.795388,0.795388
parental level of education,parental level of ed…,0.849515,0.833333,-0.016182,0.01618200000000003
race/ethnicity,race/ethnicity,0.79845,0.807407,0.008957,0.008956999999999993
