,gender,race/ethnicity,parental level of education,lunch,test preparation course,reading score,writing score
gender,0.0,0.777778,0.838095,0.735294,0.686747,0.928962,0.93956
race/ethnicity,0.777778,0.0,0.828571,0.785714,0.777778,0.961749,0.972527
parental level of education,0.838095,0.828571,0.0,0.828571,0.833333,0.980952,1.0
lunch,0.735294,0.785714,0.828571,0.0,0.715686,0.95082,0.967033
test preparation course,0.686747,0.777778,0.833333,0.715686,0.0,0.95082,0.956044
reading score,0.928962,0.961749,0.980952,0.95082,0.95082,0.0,0.754098
writing score,0.93956,0.972527,1.0,0.967033,0.956044,0.754098,0.0
