,gender,race/ethnicity,parental level of education,lunch,test preparation course,reading score,writing score
gender,0.0,0.791045,0.846535,0.744444,0.703297,0.939891,0.934426
race/ethnicity,0.791045,0.0,0.841584,0.820896,0.798507,0.956284,0.945355
parental level of education,0.846535,0.841584,0.0,0.851485,0.826733,1.0,0.99505
lunch,0.744444,0.820896,0.851485,0.0,0.714286,0.961749,0.939891
test preparation course,0.703297,0.798507,0.826733,0.714286,0.0,0.945355,0.928962
reading score,0.939891,0.956284,1.0,0.961749,0.945355,0.0,0.748634
writing score,0.934426,0.945355,0.99505,0.939891,0.928962,0.748634,0.0
