,gender,race/ethnicity,parental level of education,lunch,test preparation course,reading score,writing score
gender,0.0,0.816176,0.84058,0.744444,0.677778,0.926136,0.912568
race/ethnicity,0.816176,0.0,0.855072,0.845588,0.808824,0.965909,0.95082
parental level of education,0.84058,0.855072,0.0,0.850242,0.84058,1.0,0.990338
lunch,0.744444,0.845588,0.850242,0.0,0.733333,0.971591,0.939891
test preparation course,0.677778,0.808824,0.84058,0.733333,0.0,0.9375,0.912568
reading score,0.926136,0.965909,1.0,0.971591,0.9375,0.0,0.73224
writing score,0.912568,0.95082,0.990338,0.939891,0.912568,0.73224,0.0
