,gender,race/ethnicity,parental level of education,lunch,test preparation course,reading score,writing score
gender,0.0,0.79845,0.849515,0.730769,0.715909,0.935294,0.926136
race/ethnicity,0.79845,0.0,0.854369,0.844961,0.821705,0.929412,0.954545
parental level of education,0.849515,0.854369,0.0,0.873786,0.854369,0.985437,1.0
lunch,0.730769,0.844961,0.873786,0.0,0.75,0.958824,0.954545
test preparation course,0.715909,0.821705,0.854369,0.75,0.0,0.935294,0.9375
reading score,0.935294,0.929412,0.985437,0.958824,0.935294,0.0,0.704545
writing score,0.926136,0.954545,1.0,0.954545,0.9375,0.704545,0.0
