,gender,race/ethnicity,parental level of education,lunch,test preparation course,reading score,writing score
gender,0.0,0.791045,0.848485,0.761905,0.666667,0.95,0.937853
race/ethnicity,0.791045,0.0,0.853535,0.820896,0.798507,0.966667,0.960452
parental level of education,0.848485,0.853535,0.0,0.828283,0.813131,1.0,1.0
lunch,0.761905,0.820896,0.828283,0.0,0.733333,0.972222,0.954802
test preparation course,0.666667,0.798507,0.813131,0.733333,0.0,0.938889,0.932203
reading score,0.95,0.966667,1.0,0.972222,0.938889,0.0,0.772222
writing score,0.937853,0.960452,1.0,0.954802,0.932203,0.772222,0.0
