,gender,race/ethnicity,parental level of education,lunch,test preparation course,reading score,writing score
gender,0.0,0.795455,0.84878,0.725275,0.639535,0.903409,0.906077
race/ethnicity,0.795455,0.0,0.84878,0.825758,0.787879,0.9375,0.944751
parental level of education,0.84878,0.84878,0.0,0.858537,0.843902,1.0,1.0
lunch,0.725275,0.825758,0.858537,0.0,0.714286,0.943182,0.955801
test preparation course,0.639535,0.787879,0.843902,0.714286,0.0,0.920455,0.922652
reading score,0.903409,0.9375,1.0,0.943182,0.920455,0.0,0.734807
writing score,0.906077,0.944751,1.0,0.955801,0.922652,0.734807,0.0
