,gender,race/ethnicity,parental level of education,lunch,test preparation course,reading score,writing score
gender,0.0,0.78626,0.831683,0.721649,0.643678,0.916667,0.914286
race/ethnicity,0.78626,0.0,0.836634,0.80916,0.793893,0.961111,0.954286
parental level of education,0.831683,0.836634,0.0,0.831683,0.826733,1.0,0.99505
lunch,0.721649,0.80916,0.831683,0.0,0.731959,0.944444,0.954286
test preparation course,0.643678,0.793893,0.826733,0.731959,0.0,0.916667,0.925714
reading score,0.916667,0.961111,1.0,0.944444,0.916667,0.0,0.744444
writing score,0.914286,0.954286,0.99505,0.954286,0.925714,0.744444,0.0
