,gender,race/ethnicity,parental level of education,lunch,test preparation course,reading score,writing score
gender,0.0,0.814815,0.848485,0.75,0.7,0.9375,0.950276
race/ethnicity,0.814815,0.0,0.838384,0.807407,0.814815,0.948864,0.944751
parental level of education,0.848485,0.838384,0.0,0.843434,0.833333,1.0,1.0
lunch,0.75,0.807407,0.843434,0.0,0.71875,0.965909,0.950276
test preparation course,0.7,0.814815,0.833333,0.71875,0.0,0.948864,0.950276
reading score,0.9375,0.948864,1.0,0.965909,0.948864,0.0,0.762431
writing score,0.950276,0.944751,1.0,0.950276,0.950276,0.762431,0.0
