Variable,Nombre,Grado_Best,Grado_Worst,Diferencia_D,Abs_Diferencia
X6,Beca,0.91672,1.952953,1.036233,1.036233
X2,Zona,1.993592,0.988182,-1.00541,1.00541
X5,Trabaja,1.91672,1.953611,0.036891,0.036891
X1,Sexo,6.0,5.988182,-0.011818,0.011818
X7,Educ.Jefe,0.993592,0.999342,0.00575,0.00575
X3,Ciclo,1.95319,1.958883,0.005693,0.005693
X8,Tam.Fam,0.95319,0.958883,0.005693,0.005693
X4,Ingreso,1.0,1.0,0.0,0.0
X9,Asistencia,1.0,1.0,0.0,0.0
X10,Desaprobados,1.0,1.0,0.0,0.0
