Variable,Nombre,Grado_Best,Grado_Worst,Diferencia_D,Abs_Diferencia
X6,Beca,0.899281,1.91207,1.012789,1.012789
X1,Sexo,4.97449,3.972222,-1.002268,1.002268
X8,Tam.Fam,0.945235,1.947306,1.002071,1.002071
X2,Zona,2.934803,1.941804,-0.992999,0.992999
X5,Trabaja,1.876467,1.890217,0.01375,0.01375
X7,Educ.Jefe,0.983127,0.991435,0.008308,0.008308
X3,Ciclo,1.945235,1.947445,0.00221,0.00221
X9,Asistencia,1.0,0.999861,-0.000139,0.000139
X4,Ingreso,1.0,1.0,0.0,0.0
X10,Desaprobados,1.0,1.0,0.0,0.0
