tipo_delito,medio_utilizado,rango_edad_victima,genero_victima,region,hora_incidente,antivirus_activo,doble_factor,denuncia_formal,monto_afectado
Fraude Informatico,Redes Sociales,30-49,Masculino,La Libertad,Tarde,Si,No,Si,4537.42
Sextorsion,Redes Sociales,50-64,Femenino,Lima,Noche,No,No,No,7632.33
Acceso Ilicito,WhatsApp o SMS,18-29,Femenino,Callao,Madrugada,Si,No,No,1693.75
Suplantacion de Identidad,WhatsApp o SMS,30-49,Femenino,Arequipa,Madrugada,No,No,Si,1167.56
Fraude Informatico,Redes Sociales,30-49,Femenino,Lima,Tarde,No,Si,No,4191.86
Fraude Informatico,Redes Sociales,50-64,Femenino,Junin,Noche,No,No,Si,10009.89
Fraude Informatico,Redes Sociales,50-64,Masculino,Lima,Manana,No,No,No,8676.94
Estafa por Internet,Redes Sociales,18-29,Femenino,Lima,Manana,No,No,Si,3240.86
Suplantacion de Identidad,Redes Sociales,30-49,Masculino,Arequipa,Tarde,No,No,No,1748.57
Acceso Ilicito,Correo Electronico,18-29,Masculino,Lima,Noche,No,No,Si,4097.47
Fraude Informatico,Pagina Web Falsa,30-49,Femenino,Cusco,Noche,No,No,Si,6964.66
Sextorsion,Correo Electronico,18-29,Femenino,Puno,Noche,No,No,No,5782.95
Acceso Ilicito,Llamada Telefonica,18-29,Femenino,Tacna,Madrugada,No,No,Si,3742.72
Fraude Informatico,WhatsApp o SMS,18-29,Masculino,Lima,Madrugada,No,No,Si,7690.89
Fraude Informatico,WhatsApp o SMS,30-49,Masculino,Lima,Tarde,No,No,No,4507.41
Fraude Informatico,WhatsApp o SMS,18-29,Femenino,Piura,Noche,No,No,Si,5248.35
Fraude Informatico,Redes Sociales,30-49,Masculino,Lima,Manana,No,No,No,7977.68
Suplantacion de Identidad,Pagina Web Falsa,30-49,Masculino,Lima,Manana,Si,No,Si,3212.65
Fraude Informatico,WhatsApp o SMS,18-29,Femenino,Lima,Tarde,No,No,No,4733.39
Fraude Informatico,Llamada Telefonica,50-64,Femenino,Lima,Madrugada,No,No,No,6351.13
Suplantacion de Identidad,WhatsApp o SMS,18-29,Masculino,Lima,Manana,No,No,No,1708.77
Fraude Informatico,Llamada Telefonica,30-49,Masculino,Callao,Tarde,Si,No,No,4646.06
Fraude Informatico,Redes Sociales,30-49,Masculino,Callao,Tarde,No,Si,Si,3460.51
Fraude Informatico,WhatsApp o SMS,18-29,Masculino,Lima,Tarde,No,No,Si,8483.84
Suplantacion de Identidad,Redes Sociales,18-29,Masculino,Lima,Manana,No,No,No,1984.27
Acceso Ilicito,WhatsApp o SMS,18-29,Femenino,Lima,Tarde,No,Si,No,3879.88
Fraude Informatico,WhatsApp o SMS,65 o mas,Masculino,Callao,Tarde,No,No,Si,10649.08
Suplantacion de Identidad,WhatsApp o SMS,30-49,Masculino,Lima,Tarde,No,No,No,1935.55
Suplantacion de Identidad,Pagina Web Falsa,30-49,Masculino,Piura,Tarde,Si,Si,No,1493.03
Fraude Informatico,Redes Sociales,30-49,Femenino,Lima,Manana,No,No,No,4811.55
Suplantacion de Identidad,WhatsApp o SMS,18-29,Femenino,Arequipa,Madrugada,No,No,No,2122.88
Fraude Informatico,Redes Sociales,30-49,Femenino,Lima,Madrugada,Si,Si,No,5425.58
Fraude Informatico,Correo Electronico,50-64,Femenino,Cusco,Manana,No,Si,Si,4915.22
Estafa por Internet,WhatsApp o SMS,18-29,Femenino,Lima,Tarde,Si,No,No,1766.06
Sextorsion,Redes Sociales,18-29,Masculino,La Libertad,Noche,No,No,Si,3842.65
Acceso Ilicito,WhatsApp o SMS,18-29,Masculino,Lima,Tarde,Si,No,No,2480.81
Fraude Informatico,WhatsApp o SMS,30-49,Femenino,Piura,Tarde,No,No,No,6123.97
Fraude Informatico,Correo Electronico,65 o mas,Masculino,Callao,Manana,Si,No,Si,9424.62
Suplantacion de Identidad,WhatsApp o SMS,18-29,Femenino,Lima,Manana,Si,No,No,2201.52
Fraude Informatico,Redes Sociales,30-49,Femenino,Callao,Manana,No,No,No,5629.28
Fraude Informatico,Correo Electronico,18-29,Femenino,Arequipa,Manana,No,No,Si,4845.07
Suplantacion de Identidad,WhatsApp o SMS,65 o mas,Femenino,Lima,Madrugada,No,No,No,3812.35
Fraude Informatico,Redes Sociales,18-29,Femenino,Lima,Tarde,Si,No,Si,3039.7
Estafa por Internet,WhatsApp o SMS,30-49,Femenino,Lima,Noche,No,Si,No,3750.69
Fraude Informatico,Llamada Telefonica,30-49,Femenino,Piura,Manana,No,Si,Si,3955.51
Suplantacion de Identidad,Redes Sociales,30-49,Masculino,Piura,Madrugada,No,No,No,2474.93
Fraude Informatico,Pagina Web Falsa,30-49,Femenino,Lima,Tarde,No,Si,No,7307.22
Suplantacion de Identidad,Redes Sociales,18-29,Masculino,Lima,Manana,No,Si,Si,1500.44
Suplantacion de Identidad,WhatsApp o SMS,18-29,Masculino,Puno,Noche,Si,No,Si,1733.18
Fraude Informatico,Redes Sociales,18-29,Masculino,Lambayeque,Tarde,No,No,No,3007.86
Sextorsion,Llamada Telefonica,18-29,Masculino,Lima,Noche,Si,No,No,3726.92
Acceso Ilicito,Redes Sociales,30-49,Femenino,Junin,Manana,No,No,No,4360.66
Estafa por Internet,Pagina Web Falsa,18-29,Femenino,Lima,Tarde,No,No,Si,3278.22
Estafa por Internet,Pagina Web Falsa,18-29,Masculino,Lima,Tarde,No,No,Si,1791.11
Suplantacion de Identidad,WhatsApp o SMS,30-49,Femenino,Puno,Tarde,No,No,Si,2736.15
Estafa por Internet,WhatsApp o SMS,65 o mas,Masculino,Lima,Manana,Si,No,No,3058.77
Fraude Informatico,Redes Sociales,30-49,Masculino,Lima,Manana,Si,No,Si,5166.85
Fraude Informatico,Redes Sociales,18-29,Masculino,Lima,Tarde,No,Si,No,5980.19
Fraude Informatico,Pagina Web Falsa,18-29,Masculino,Puno,Tarde,No,No,No,2954.49
Fraude Informatico,Pagina Web Falsa,65 o mas,Masculino,Puno,Noche,No,Si,No,6595.99
Fraude Informatico,Redes Sociales,18-29,Masculino,Lima,Tarde,Si,No,Si,3101.32
Fraude Informatico,WhatsApp o SMS,18-29,Femenino,Lima,Tarde,Si,Si,Si,3425.67
Acceso Ilicito,Correo Electronico,30-49,Masculino,Lima,Madrugada,Si,No,No,4954.85
Fraude Informatico,WhatsApp o SMS,30-49,Femenino,Arequipa,Tarde,No,No,Si,7392.81
Fraude Informatico,Pagina Web Falsa,30-49,Femenino,Lima,Tarde,No,No,Si,7463.41
Suplantacion de Identidad,Redes Sociales,18-29,Masculino,Cusco,Noche,No,No,No,1393.57
Fraude Informatico,Correo Electronico,18-29,Femenino,Lima,Noche,No,Si,No,3452.16
Acceso Ilicito,WhatsApp o SMS,65 o mas,Femenino,Lima,Madrugada,No,No,Si,5305.15
Fraude Informatico,Redes Sociales,18-29,Femenino,Lima,Noche,No,Si,Si,6902.96
Sextorsion,Redes Sociales,30-49,Masculino,Lima,Madrugada,No,No,No,8912.99
Acceso Ilicito,Redes Sociales,30-49,Femenino,Junin,Manana,Si,No,No,2419.62
Fraude Informatico,WhatsApp o SMS,30-49,Masculino,Lima,Tarde,Si,Si,No,3178.68
Fraude Informatico,Correo Electronico,18-29,Femenino,Lima,Madrugada,No,No,No,8959.53
Acceso Ilicito,Pagina Web Falsa,18-29,Masculino,Lima,Tarde,No,No,Si,3850.31
Acceso Ilicito,WhatsApp o SMS,30-49,Masculino,Lima,Madrugada,No,Si,No,4203.24
Acceso Ilicito,WhatsApp o SMS,50-64,Femenino,Lima,Manana,Si,Si,Si,4610.58
Acceso Ilicito,WhatsApp o SMS,65 o mas,Femenino,Lima,Tarde,Si,Si,No,3421.69
Fraude Informatico,Redes Sociales,18-29,Femenino,Lima,Tarde,Si,Si,No,3927.63
Fraude Informatico,Redes Sociales,18-29,Masculino,Arequipa,Noche,Si,No,No,6241.82
Fraude Informatico,Redes Sociales,65 o mas,Masculino,Lima,Tarde,No,Si,Si,9084.15
Estafa por Internet,WhatsApp o SMS,30-49,Masculino,Lima,Tarde,No,No,No,2157.36
Suplantacion de Identidad,Redes Sociales,50-64,Femenino,Junin,Manana,No,Si,Si,1044.82
Fraude Informatico,Redes Sociales,18-29,Masculino,Lima,Madrugada,No,No,No,4401.65
Fraude Informatico,Redes Sociales,30-49,Masculino,Lima,Madrugada,Si,No,No,9500.34
Fraude Informatico,Llamada Telefonica,30-49,Masculino,Lima,Tarde,No,No,No,6561.86
Fraude Informatico,WhatsApp o SMS,30-49,Masculino,Lima,Tarde,No,No,No,4301.46
Acceso Ilicito,Correo Electronico,30-49,Femenino,Piura,Manana,No,No,Si,6065.53
Suplantacion de Identidad,Redes Sociales,18-29,Femenino,Lima,Tarde,Si,Si,No,803.66
Estafa por Internet,Redes Sociales,30-49,Masculino,Piura,Tarde,No,Si,Si,1121.03
Suplantacion de Identidad,Correo Electronico,18-29,Masculino,Lima,Madrugada,No,No,No,1382.12
Fraude Informatico,Correo Electronico,30-49,Masculino,Lima,Manana,No,Si,No,4961.44
Acceso Ilicito,Llamada Telefonica,65 o mas,Femenino,Cusco,Noche,No,No,No,4425.63
Acceso Ilicito,WhatsApp o SMS,18-29,Femenino,Lima,Tarde,No,No,No,5326.46
Suplantacion de Identidad,WhatsApp o SMS,50-64,Femenino,Arequipa,Noche,Si,No,Si,2585.97
Acceso Ilicito,Correo Electronico,18-29,Femenino,Lima,Madrugada,No,Si,Si,2727.15
Suplantacion de Identidad,Redes Sociales,30-49,Masculino,Piura,Noche,Si,No,No,1707.94
Suplantacion de Identidad,WhatsApp o SMS,65 o mas,Masculino,Lima,Manana,No,No,No,2927.65
Fraude Informatico,WhatsApp o SMS,18-29,Femenino,Callao,Madrugada,No,No,Si,3717.27
Fraude Informatico,WhatsApp o SMS,18-29,Femenino,Lima,Noche,Si,No,Si,3037.02
Fraude Informatico,Pagina Web Falsa,30-49,Femenino,Callao,Manana,No,No,Si,10074.57
Fraude Informatico,WhatsApp o SMS,18-29,Femenino,Lima,Tarde,No,No,No,4291.87
Suplantacion de Identidad,WhatsApp o SMS,30-49,Masculino,Piura,Manana,Si,No,No,1309.5
Fraude Informatico,WhatsApp o SMS,50-64,Masculino,Lima,Tarde,No,No,Si,8022.8
Suplantacion de Identidad,Redes Sociales,30-49,Femenino,Lambayeque,Noche,Si,Si,Si,1413.05
Estafa por Internet,WhatsApp o SMS,18-29,Masculino,Lima,Manana,No,No,No,1296.09
Fraude Informatico,Redes Sociales,30-49,Masculino,Lima,Tarde,No,No,Si,5345.63
Fraude Informatico,WhatsApp o SMS,30-49,Masculino,Lima,Manana,No,No,Si,7244.78
Acceso Ilicito,Pagina Web Falsa,18-29,Femenino,Lima,Tarde,Si,Si,No,2840.95
Fraude Informatico,WhatsApp o SMS,30-49,Masculino,Lima,Manana,No,No,No,6009.45
Fraude Informatico,Redes Sociales,30-49,Femenino,Junin,Manana,Si,Si,No,4384.32
Fraude Informatico,Pagina Web Falsa,30-49,Femenino,Tacna,Manana,Si,No,No,6608.41
Fraude Informatico,Correo Electronico,18-29,Femenino,Lima,Manana,No,Si,Si,6595.81
Estafa por Internet,Redes Sociales,30-49,Femenino,Lambayeque,Noche,No,No,No,2313.0
Acceso Ilicito,WhatsApp o SMS,18-29,Femenino,Lima,Manana,No,No,Si,2375.84
Suplantacion de Identidad,WhatsApp o SMS,18-29,Femenino,Lima,Manana,No,No,Si,1854.89
Estafa por Internet,Correo Electronico,50-64,Femenino,Piura,Manana,No,No,No,3490.82
Acceso Ilicito,Llamada Telefonica,30-49,Masculino,La Libertad,Manana,No,Si,No,2012.54
Fraude Informatico,Correo Electronico,18-29,Masculino,Tacna,Tarde,Si,Si,Si,2542.88
Estafa por Internet,Redes Sociales,18-29,Femenino,Lima,Noche,Si,No,Si,1139.13
Suplantacion de Identidad,Correo Electronico,18-29,Masculino,La Libertad,Manana,Si,No,Si,680.29
Acceso Ilicito,Redes Sociales,18-29,Masculino,Lima,Noche,Si,No,No,3243.75
Estafa por Internet,WhatsApp o SMS,18-29,Masculino,Lima,Tarde,No,No,No,1995.49
Fraude Informatico,Redes Sociales,18-29,Femenino,Lima,Manana,No,No,No,8406.92
Fraude Informatico,Llamada Telefonica,30-49,Masculino,Tacna,Tarde,Si,Si,Si,5235.23
Fraude Informatico,WhatsApp o SMS,30-49,Masculino,Cusco,Tarde,No,Si,No,5246.63
Fraude Informatico,Correo Electronico,30-49,Masculino,Cusco,Tarde,Si,No,Si,5674.6
Acceso Ilicito,WhatsApp o SMS,30-49,Femenino,Lima,Noche,No,Si,No,4038.84
Estafa por Internet,Redes Sociales,18-29,Femenino,Lima,Manana,No,No,Si,1351.1
Fraude Informatico,WhatsApp o SMS,65 o mas,Masculino,Lima,Noche,Si,No,Si,11838.74
Suplantacion de Identidad,Redes Sociales,50-64,Femenino,Lima,Tarde,Si,No,No,3371.18
Fraude Informatico,Correo Electronico,50-64,Femenino,Lima,Tarde,No,No,Si,5622.27
Fraude Informatico,WhatsApp o SMS,50-64,Femenino,Piura,Tarde,Si,No,No,3877.39
Fraude Informatico,Correo Electronico,65 o mas,Masculino,Lima,Manana,No,No,No,5953.09
Fraude Informatico,Correo Electronico,30-49,Masculino,Lima,Noche,No,No,No,9578.47
Estafa por Internet,Llamada Telefonica,18-29,Femenino,Lima,Tarde,Si,No,No,2555.17
Fraude Informatico,WhatsApp o SMS,30-49,Masculino,Lima,Madrugada,No,Si,No,9098.49
Suplantacion de Identidad,Redes Sociales,30-49,Femenino,Lima,Manana,No,No,Si,3098.27
Acceso Ilicito,WhatsApp o SMS,30-49,Masculino,Lambayeque,Tarde,No,Si,Si,3133.98
Fraude Informatico,Llamada Telefonica,30-49,Masculino,La Libertad,Madrugada,No,Si,No,6120.7
Sextorsion,Llamada Telefonica,18-29,Masculino,Cusco,Madrugada,No,No,Si,4753.14
Sextorsion,Redes Sociales,18-29,Masculino,Lima,Tarde,No,No,Si,5063.68
Fraude Informatico,Pagina Web Falsa,50-64,Femenino,Lima,Manana,No,Si,Si,6585.64
Suplantacion de Identidad,Redes Sociales,30-49,Masculino,Lima,Manana,Si,No,Si,2576.47
Fraude Informatico,Redes Sociales,30-49,Femenino,Callao,Manana,No,Si,No,5816.11
Fraude Informatico,WhatsApp o SMS,18-29,Masculino,Cusco,Manana,Si,No,No,4861.75
Fraude Informatico,Correo Electronico,18-29,Masculino,Lima,Tarde,No,No,Si,6955.34
Suplantacion de Identidad,WhatsApp o SMS,50-64,Masculino,Lima,Tarde,No,Si,No,2468.87
Suplantacion de Identidad,Pagina Web Falsa,30-49,Femenino,Lima,Manana,No,Si,No,2314.18
Fraude Informatico,Correo Electronico,50-64,Masculino,Arequipa,Manana,No,Si,No,5608.58
Fraude Informatico,Correo Electronico,30-49,Femenino,Junin,Tarde,No,No,No,8272.58
Estafa por Internet,WhatsApp o SMS,30-49,Femenino,Arequipa,Madrugada,No,Si,No,2088.86
Fraude Informatico,WhatsApp o SMS,18-29,Masculino,Lima,Madrugada,No,Si,No,3522.94
Fraude Informatico,WhatsApp o SMS,30-49,Femenino,Lima,Madrugada,No,Si,No,3384.57
Suplantacion de Identidad,Redes Sociales,30-49,Masculino,Lima,Noche,No,No,Si,2623.41
Sextorsion,WhatsApp o SMS,30-49,Femenino,Lima,Tarde,No,No,No,7198.32
Fraude Informatico,Llamada Telefonica,30-49,Femenino,Lima,Tarde,No,Si,No,9936.33
Suplantacion de Identidad,Redes Sociales,65 o mas,Masculino,Piura,Tarde,Si,No,No,1873.72
Acceso Ilicito,WhatsApp o SMS,18-29,Masculino,Piura,Tarde,No,No,No,2682.4
Fraude Informatico,Redes Sociales,50-64,Femenino,Lima,Tarde,No,No,No,5789.85
Acceso Ilicito,Redes Sociales,18-29,Masculino,Puno,Tarde,No,No,No,1711.6
Fraude Informatico,Redes Sociales,30-49,Femenino,Lima,Madrugada,Si,No,No,9546.03
Suplantacion de Identidad,Redes Sociales,18-29,Masculino,Lima,Tarde,No,No,Si,1405.65
Suplantacion de Identidad,Pagina Web Falsa,18-29,Femenino,Lima,Tarde,Si,Si,No,1330.69
Suplantacion de Identidad,Redes Sociales,30-49,Masculino,Lima,Tarde,No,No,No,2939.74
Fraude Informatico,Llamada Telefonica,18-29,Masculino,Lima,Manana,Si,No,No,5341.8
Acceso Ilicito,Pagina Web Falsa,30-49,Masculino,Lima,Manana,Si,No,Si,6193.58
Fraude Informatico,WhatsApp o SMS,50-64,Femenino,Lima,Tarde,Si,No,Si,7078.46
Fraude Informatico,Llamada Telefonica,18-29,Masculino,Tacna,Tarde,No,No,Si,3924.54
Fraude Informatico,WhatsApp o SMS,50-64,Masculino,Lima,Noche,No,No,No,11517.13
Suplantacion de Identidad,Pagina Web Falsa,30-49,Masculino,Lima,Manana,No,No,No,3369.87
Suplantacion de Identidad,Redes Sociales,30-49,Femenino,Lima,Tarde,No,Si,No,1344.68
Fraude Informatico,Pagina Web Falsa,18-29,Masculino,Arequipa,Tarde,Si,No,Si,2235.33
Suplantacion de Identidad,Pagina Web Falsa,18-29,Masculino,Lima,Noche,No,No,No,1106.22
Fraude Informatico,Pagina Web Falsa,18-29,Femenino,Puno,Tarde,No,No,Si,3932.74
Suplantacion de Identidad,Correo Electronico,18-29,Femenino,Lima,Tarde,No,No,Si,2760.49
Fraude Informatico,WhatsApp o SMS,18-29,Masculino,Lima,Tarde,No,Si,Si,5027.95
Suplantacion de Identidad,WhatsApp o SMS,30-49,Femenino,Arequipa,Tarde,No,Si,No,1440.88
Fraude Informatico,Redes Sociales,50-64,Masculino,Lima,Noche,Si,No,Si,10415.37
Estafa por Internet,WhatsApp o SMS,50-64,Masculino,Lima,Madrugada,No,No,No,3145.35
Fraude Informatico,Correo Electronico,30-49,Masculino,Lima,Madrugada,No,No,No,6725.72
Fraude Informatico,WhatsApp o SMS,18-29,Femenino,Arequipa,Noche,No,No,No,7206.1
Fraude Informatico,Llamada Telefonica,18-29,Femenino,Lima,Tarde,No,Si,Si,6410.21
Estafa por Internet,Redes Sociales,18-29,Masculino,Lima,Tarde,No,No,No,3359.17
Estafa por Internet,Pagina Web Falsa,18-29,Femenino,Tacna,Tarde,No,No,No,2024.57
Fraude Informatico,WhatsApp o SMS,30-49,Masculino,Lima,Madrugada,Si,No,No,9670.79
Suplantacion de Identidad,Pagina Web Falsa,30-49,Femenino,Cusco,Tarde,Si,No,Si,1273.79
Acceso Ilicito,Llamada Telefonica,18-29,Femenino,Cusco,Tarde,Si,No,Si,2736.72
Suplantacion de Identidad,Redes Sociales,18-29,Femenino,Lima,Manana,No,No,Si,2782.21
Suplantacion de Identidad,Redes Sociales,50-64,Masculino,Lima,Manana,Si,Si,No,1423.73
Fraude Informatico,Correo Electronico,50-64,Masculino,Lima,Noche,Si,No,No,9707.64
Fraude Informatico,WhatsApp o SMS,18-29,Femenino,La Libertad,Madrugada,Si,No,No,4209.53
Estafa por Internet,Redes Sociales,50-64,Femenino,La Libertad,Noche,No,No,No,1511.46
Estafa por Internet,Redes Sociales,65 o mas,Femenino,Cusco,Manana,Si,Si,Si,2904.94
Suplantacion de Identidad,WhatsApp o SMS,18-29,Masculino,Lambayeque,Tarde,Si,No,No,852.43
Fraude Informatico,Redes Sociales,18-29,Femenino,La Libertad,Noche,Si,Si,No,3111.55
Fraude Informatico,WhatsApp o SMS,30-49,Masculino,Lima,Tarde,No,Si,No,3953.23
Acceso Ilicito,WhatsApp o SMS,65 o mas,Femenino,Lima,Manana,Si,Si,Si,6076.84
Estafa por Internet,WhatsApp o SMS,50-64,Femenino,Puno,Tarde,Si,No,No,1979.31
Estafa por Internet,Llamada Telefonica,18-29,Femenino,Lima,Manana,No,No,No,1816.16
Acceso Ilicito,Redes Sociales,18-29,Masculino,Lima,Manana,No,No,Si,2359.26
Suplantacion de Identidad,Llamada Telefonica,30-49,Femenino,Piura,Noche,Si,No,No,2711.25
Fraude Informatico,Redes Sociales,30-49,Femenino,Lima,Tarde,No,No,Si,9998.21
Fraude Informatico,WhatsApp o SMS,18-29,Masculino,Lambayeque,Tarde,No,No,No,6208.3
Estafa por Internet,Redes Sociales,50-64,Masculino,La Libertad,Manana,No,Si,Si,2198.69
Suplantacion de Identidad,Redes Sociales,30-49,Femenino,Lima,Madrugada,Si,No,No,2193.14
Fraude Informatico,WhatsApp o SMS,50-64,Femenino,Junin,Madrugada,No,No,No,4270.15
Fraude Informatico,Redes Sociales,50-64,Masculino,Lima,Tarde,No,No,Si,8743.69
Suplantacion de Identidad,WhatsApp o SMS,30-49,Femenino,Lima,Tarde,No,No,No,1848.62
Fraude Informatico,Redes Sociales,30-49,Masculino,Lima,Tarde,Si,No,No,11078.59
Fraude Informatico,Correo Electronico,30-49,Masculino,Lima,Noche,No,No,No,10696.79
Suplantacion de Identidad,WhatsApp o SMS,18-29,Femenino,Lima,Madrugada,Si,No,Si,1506.44
Suplantacion de Identidad,WhatsApp o SMS,30-49,Femenino,Lima,Manana,Si,No,No,1465.52
Suplantacion de Identidad,Correo Electronico,18-29,Femenino,Lima,Manana,No,Si,Si,1831.6
Fraude Informatico,Redes Sociales,30-49,Masculino,Lima,Manana,No,Si,Si,4198.86
Acceso Ilicito,WhatsApp o SMS,18-29,Femenino,Cusco,Madrugada,No,Si,Si,1447.6
Fraude Informatico,Llamada Telefonica,18-29,Femenino,Cusco,Noche,No,No,No,3557.6
Fraude Informatico,WhatsApp o SMS,18-29,Masculino,Lima,Manana,No,No,No,6605.57
Acceso Ilicito,Correo Electronico,18-29,Masculino,Lima,Noche,Si,No,Si,4247.29
Suplantacion de Identidad,Llamada Telefonica,30-49,Femenino,Lima,Manana,Si,No,No,1832.21
Acceso Ilicito,WhatsApp o SMS,30-49,Masculino,Lima,Noche,No,No,No,2894.12
Suplantacion de Identidad,WhatsApp o SMS,30-49,Femenino,Cusco,Tarde,No,No,No,2025.53
Suplantacion de Identidad,WhatsApp o SMS,18-29,Femenino,Piura,Noche,No,No,No,1872.17
Fraude Informatico,WhatsApp o SMS,18-29,Femenino,Lima,Madrugada,No,No,No,4510.4
Fraude Informatico,WhatsApp o SMS,18-29,Femenino,Lima,Tarde,No,Si,No,3419.64
Fraude Informatico,Correo Electronico,18-29,Femenino,Lima,Noche,Si,No,Si,7959.75
Fraude Informatico,WhatsApp o SMS,50-64,Femenino,Arequipa,Madrugada,Si,No,No,9088.46
Sextorsion,Redes Sociales,18-29,Masculino,Lima,Madrugada,No,No,No,7452.33
Fraude Informatico,Llamada Telefonica,18-29,Masculino,Tacna,Manana,Si,No,No,5557.55
Estafa por Internet,Pagina Web Falsa,18-29,Masculino,Cusco,Noche,No,No,No,1376.37
Suplantacion de Identidad,Redes Sociales,18-29,Femenino,Lima,Tarde,Si,No,No,1174.77
Acceso Ilicito,WhatsApp o SMS,30-49,Femenino,Arequipa,Tarde,No,No,Si,3528.95
Suplantacion de Identidad,Redes Sociales,30-49,Femenino,Lambayeque,Madrugada,No,Si,Si,1349.92
Suplantacion de Identidad,Redes Sociales,18-29,Masculino,Arequipa,Madrugada,Si,Si,No,1201.64
Suplantacion de Identidad,Redes Sociales,18-29,Masculino,Lima,Noche,No,No,No,2417.01
Fraude Informatico,WhatsApp o SMS,18-29,Femenino,Lima,Madrugada,Si,No,No,6732.05
Acceso Ilicito,Pagina Web Falsa,18-29,Femenino,Puno,Tarde,No,No,Si,2057.89
Fraude Informatico,Redes Sociales,18-29,Femenino,La Libertad,Noche,No,Si,Si,4933.34
Fraude Informatico,WhatsApp o SMS,65 o mas,Femenino,La Libertad,Manana,No,No,Si,10622.96
Suplantacion de Identidad,Redes Sociales,30-49,Femenino,Callao,Tarde,No,No,No,1393.65
Fraude Informatico,Redes Sociales,30-49,Masculino,Callao,Madrugada,No,No,Si,9598.19
Estafa por Internet,Pagina Web Falsa,30-49,Masculino,Lambayeque,Tarde,No,No,No,2162.29
Sextorsion,Correo Electronico,30-49,Femenino,Lima,Manana,No,Si,No,3136.7
Estafa por Internet,Correo Electronico,30-49,Femenino,Lima,Tarde,No,No,Si,3817.51
Fraude Informatico,WhatsApp o SMS,30-49,Masculino,Piura,Manana,Si,No,Si,7211.28
Fraude Informatico,Redes Sociales,30-49,Femenino,Piura,Tarde,No,No,No,4164.52
Estafa por Internet,Redes Sociales,18-29,Femenino,Arequipa,Tarde,Si,No,No,1392.05
Fraude Informatico,WhatsApp o SMS,30-49,Femenino,Lima,Manana,No,Si,No,10076.5
Sextorsion,WhatsApp o SMS,30-49,Femenino,Cusco,Tarde,No,Si,No,5185.08
Sextorsion,Correo Electronico,50-64,Femenino,Piura,Manana,No,No,No,6888.42
Estafa por Internet,WhatsApp o SMS,30-49,Masculino,Lima,Tarde,No,No,Si,2352.63
Fraude Informatico,Redes Sociales,30-49,Femenino,Lima,Manana,No,No,Si,4774.95
Fraude Informatico,WhatsApp o SMS,18-29,Femenino,Lima,Tarde,No,No,Si,4855.64
Estafa por Internet,WhatsApp o SMS,30-49,Masculino,Lima,Madrugada,No,No,Si,2471.36
Fraude Informatico,WhatsApp o SMS,18-29,Femenino,Lima,Manana,No,No,No,4590.9
Fraude Informatico,Llamada Telefonica,18-29,Masculino,Lima,Manana,Si,No,Si,3810.15
Suplantacion de Identidad,Pagina Web Falsa,18-29,Masculino,Lima,Tarde,No,No,No,2015.17
Estafa por Internet,Llamada Telefonica,30-49,Femenino,Arequipa,Manana,No,No,No,2318.69
Suplantacion de Identidad,Redes Sociales,18-29,Masculino,La Libertad,Noche,No,Si,No,1386.36
Suplantacion de Identidad,WhatsApp o SMS,18-29,Femenino,Puno,Noche,Si,No,No,872.03
Fraude Informatico,Redes Sociales,50-64,Masculino,Lima,Manana,No,No,Si,7958.17
Suplantacion de Identidad,Redes Sociales,18-29,Femenino,Lima,Tarde,No,No,Si,963.11
Sextorsion,Pagina Web Falsa,30-49,Masculino,Callao,Madrugada,No,No,No,5497.42
Fraude Informatico,WhatsApp o SMS,30-49,Masculino,Lima,Manana,No,No,Si,4585.67
Suplantacion de Identidad,Redes Sociales,18-29,Femenino,Tacna,Tarde,No,No,No,2216.59
Estafa por Internet,WhatsApp o SMS,50-64,Masculino,Puno,Tarde,Si,Si,Si,2452.13
Acceso Ilicito,WhatsApp o SMS,18-29,Masculino,Lima,Tarde,No,No,No,3712.92
Suplantacion de Identidad,Correo Electronico,30-49,Masculino,Tacna,Manana,No,No,No,1231.83
Acceso Ilicito,Redes Sociales,30-49,Femenino,Lima,Manana,No,No,No,5407.6
Fraude Informatico,Redes Sociales,30-49,Masculino,Lima,Madrugada,No,No,Si,10384.8
Fraude Informatico,Redes Sociales,30-49,Femenino,La Libertad,Tarde,No,No,No,4835.02
Acceso Ilicito,Redes Sociales,18-29,Femenino,Lima,Tarde,No,No,Si,4005.78
Acceso Ilicito,Correo Electronico,18-29,Femenino,Lambayeque,Tarde,No,No,No,3942.63
Estafa por Internet,Pagina Web Falsa,30-49,Femenino,Lima,Manana,No,No,Si,4185.22
Estafa por Internet,Llamada Telefonica,30-49,Masculino,Lima,Manana,No,No,Si,4299.87
Suplantacion de Identidad,Correo Electronico,50-64,Femenino,Arequipa,Manana,Si,No,No,2586.23
Suplantacion de Identidad,WhatsApp o SMS,50-64,Masculino,La Libertad,Madrugada,No,No,No,3019.13
Acceso Ilicito,Correo Electronico,50-64,Femenino,Lima,Manana,No,No,Si,4482.33
Suplantacion de Identidad,Redes Sociales,30-49,Femenino,Lima,Noche,No,No,Si,2645.2
Acceso Ilicito,WhatsApp o SMS,18-29,Femenino,Puno,Noche,No,Si,Si,2710.39
Acceso Ilicito,Pagina Web Falsa,50-64,Femenino,Lima,Tarde,No,No,No,5925.84
Estafa por Internet,WhatsApp o SMS,30-49,Femenino,Puno,Tarde,No,Si,No,3290.14
Fraude Informatico,Pagina Web Falsa,18-29,Femenino,Arequipa,Madrugada,Si,No,Si,2183.13
Fraude Informatico,Redes Sociales,50-64,Masculino,Cusco,Noche,Si,Si,No,4061.88
Fraude Informatico,Redes Sociales,50-64,Femenino,Piura,Madrugada,No,No,No,5467.2
Suplantacion de Identidad,Correo Electronico,30-49,Femenino,Lima,Noche,Si,No,No,1715.21
Fraude Informatico,Pagina Web Falsa,18-29,Femenino,Arequipa,Tarde,Si,No,Si,3070.75
Suplantacion de Identidad,Redes Sociales,18-29,Masculino,Callao,Manana,No,No,Si,1813.69
Suplantacion de Identidad,Redes Sociales,50-64,Masculino,Lima,Noche,Si,No,No,1315.71
Fraude Informatico,WhatsApp o SMS,50-64,Femenino,Junin,Madrugada,No,No,No,8691.26
Suplantacion de Identidad,Redes Sociales,18-29,Femenino,Lima,Tarde,No,No,No,2237.67
Fraude Informatico,WhatsApp o SMS,18-29,Femenino,Lima,Tarde,No,Si,No,3566.32
Fraude Informatico,Correo Electronico,50-64,Masculino,Lima,Manana,No,No,No,6210.88
Acceso Ilicito,Redes Sociales,18-29,Femenino,Junin,Manana,No,Si,Si,2370.61
Fraude Informatico,Correo Electronico,30-49,Femenino,Lima,Tarde,No,No,No,10412.91
Fraude Informatico,WhatsApp o SMS,65 o mas,Femenino,Callao,Tarde,Si,No,No,9979.52
Suplantacion de Identidad,WhatsApp o SMS,18-29,Femenino,Callao,Madrugada,Si,No,Si,1723.98
Acceso Ilicito,Correo Electronico,30-49,Femenino,Lima,Noche,Si,No,No,6591.97
Fraude Informatico,WhatsApp o SMS,18-29,Masculino,Lima,Manana,Si,No,No,5947.62
Suplantacion de Identidad,WhatsApp o SMS,18-29,Femenino,Piura,Manana,Si,Si,No,1162.14
Fraude Informatico,WhatsApp o SMS,50-64,Masculino,Lima,Manana,No,No,No,10795.23
Fraude Informatico,Llamada Telefonica,30-49,Femenino,Cusco,Madrugada,No,No,Si,9762.67
Suplantacion de Identidad,Correo Electronico,65 o mas,Femenino,Lima,Madrugada,No,Si,No,1189.53
Suplantacion de Identidad,Redes Sociales,30-49,Masculino,Lima,Noche,Si,No,No,3298.28
Suplantacion de Identidad,WhatsApp o SMS,18-29,Femenino,Cusco,Manana,No,Si,Si,1022.21
Acceso Ilicito,WhatsApp o SMS,18-29,Masculino,Lima,Madrugada,Si,Si,Si,3115.64
Sextorsion,Correo Electronico,18-29,Masculino,Lima,Madrugada,No,No,No,3136.02
Suplantacion de Identidad,Correo Electronico,18-29,Femenino,Lima,Tarde,No,No,No,1679.89
Fraude Informatico,WhatsApp o SMS,18-29,Masculino,Lima,Noche,Si,No,Si,4243.03
Acceso Ilicito,WhatsApp o SMS,18-29,Femenino,Lima,Manana,No,Si,No,2256.23
Fraude Informatico,WhatsApp o SMS,30-49,Masculino,Cusco,Madrugada,No,No,Si,4362.79
Fraude Informatico,Correo Electronico,30-49,Femenino,Lima,Manana,No,No,Si,10772.55
Fraude Informatico,Correo Electronico,30-49,Masculino,Lima,Madrugada,No,Si,Si,3437.39
Fraude Informatico,WhatsApp o SMS,30-49,Femenino,La Libertad,Madrugada,Si,No,No,5078.16
Sextorsion,WhatsApp o SMS,18-29,Femenino,Lima,Manana,No,Si,No,2562.76
Acceso Ilicito,WhatsApp o SMS,18-29,Masculino,Lima,Manana,No,No,Si,4083.9
Suplantacion de Identidad,Llamada Telefonica,30-49,Masculino,Lambayeque,Tarde,No,No,No,1583.93
Fraude Informatico,WhatsApp o SMS,30-49,Masculino,Piura,Manana,Si,Si,No,3605.24
Fraude Informatico,Correo Electronico,18-29,Masculino,Arequipa,Noche,No,No,No,4941.69
Fraude Informatico,Redes Sociales,50-64,Masculino,La Libertad,Noche,No,No,No,8068.82
Fraude Informatico,Redes Sociales,50-64,Femenino,Lima,Tarde,Si,No,Si,4659.79
Suplantacion de Identidad,WhatsApp o SMS,30-49,Femenino,Arequipa,Manana,No,No,No,1418.57
Acceso Ilicito,WhatsApp o SMS,18-29,Femenino,Lima,Manana,Si,No,Si,2465.68
Suplantacion de Identidad,Redes Sociales,50-64,Femenino,Lima,Manana,No,Si,No,2984.34
Fraude Informatico,Correo Electronico,30-49,Femenino,Lima,Tarde,No,No,No,7401.51
Sextorsion,Redes Sociales,50-64,Masculino,Lima,Tarde,No,No,No,7253.33
Acceso Ilicito,Redes Sociales,50-64,Femenino,Lima,Noche,Si,No,Si,3336.94
Suplantacion de Identidad,WhatsApp o SMS,50-64,Masculino,Junin,Noche,Si,No,Si,1857.11
Suplantacion de Identidad,Llamada Telefonica,30-49,Femenino,Lima,Manana,No,Si,No,1162.59
Fraude Informatico,Correo Electronico,18-29,Femenino,Lima,Tarde,No,Si,Si,2540.03
Fraude Informatico,WhatsApp o SMS,30-49,Femenino,Lima,Madrugada,Si,No,No,7265.5
Fraude Informatico,Llamada Telefonica,30-49,Masculino,Lima,Manana,No,No,Si,7413.94
Acceso Ilicito,Redes Sociales,30-49,Masculino,Piura,Manana,Si,No,Si,2388.3
Fraude Informatico,Redes Sociales,18-29,Masculino,Lima,Manana,No,No,Si,7422.51
Fraude Informatico,Correo Electronico,18-29,Femenino,Lima,Noche,Si,No,Si,8210.97
Fraude Informatico,Pagina Web Falsa,50-64,Masculino,Lima,Manana,No,No,No,7389.09
Fraude Informatico,Correo Electronico,30-49,Femenino,Piura,Tarde,No,Si,No,6185.07
Estafa por Internet,WhatsApp o SMS,50-64,Femenino,Lima,Tarde,No,No,No,4827.82
Acceso Ilicito,WhatsApp o SMS,50-64,Femenino,Lima,Tarde,Si,Si,No,4793.53
Suplantacion de Identidad,Llamada Telefonica,30-49,Femenino,Lima,Manana,No,No,Si,2384.79
Fraude Informatico,WhatsApp o SMS,30-49,Femenino,Lima,Noche,No,No,No,10209.29
Suplantacion de Identidad,Redes Sociales,50-64,Masculino,Lima,Tarde,No,Si,Si,1271.97
Suplantacion de Identidad,Redes Sociales,30-49,Masculino,La Libertad,Manana,No,No,No,2125.42
Fraude Informatico,Redes Sociales,30-49,Femenino,La Libertad,Madrugada,Si,Si,No,3700.54
Fraude Informatico,Redes Sociales,18-29,Femenino,Puno,Tarde,Si,No,Si,2809.95
Fraude Informatico,Llamada Telefonica,30-49,Femenino,Lima,Noche,No,No,No,7641.82
Suplantacion de Identidad,WhatsApp o SMS,30-49,Femenino,Lima,Tarde,Si,Si,Si,1135.83
Suplantacion de Identidad,WhatsApp o SMS,18-29,Masculino,Lima,Noche,Si,No,No,1978.33
Fraude Informatico,WhatsApp o SMS,18-29,Femenino,Tacna,Tarde,Si,Si,Si,2629.66
Fraude Informatico,Pagina Web Falsa,18-29,Masculino,Arequipa,Madrugada,No,Si,No,3609.01
Suplantacion de Identidad,Redes Sociales,18-29,Femenino,Piura,Madrugada,Si,No,No,824.13
Suplantacion de Identidad,WhatsApp o SMS,18-29,Masculino,Lima,Manana,No,No,Si,1199.57
Estafa por Internet,Pagina Web Falsa,30-49,Femenino,Lima,Tarde,No,No,Si,3575.27
Suplantacion de Identidad,Pagina Web Falsa,50-64,Masculino,Lima,Tarde,Si,No,No,3341.27
Fraude Informatico,Pagina Web Falsa,30-49,Femenino,Arequipa,Manana,No,Si,No,3279.38
Fraude Informatico,Pagina Web Falsa,18-29,Masculino,Lambayeque,Tarde,No,No,No,3928.66
Suplantacion de Identidad,WhatsApp o SMS,18-29,Femenino,Junin,Manana,Si,No,No,1746.06
Fraude Informatico,Correo Electronico,30-49,Femenino,Lima,Manana,Si,No,Si,4292.04
Suplantacion de Identidad,Redes Sociales,18-29,Masculino,Lima,Manana,No,No,Si,2579.79
Estafa por Internet,Pagina Web Falsa,50-64,Masculino,Junin,Madrugada,Si,Si,No,1946.14
Suplantacion de Identidad,Correo Electronico,30-49,Masculino,La Libertad,Manana,No,No,No,1907.36
Fraude Informatico,Correo Electronico,50-64,Masculino,Lima,Madrugada,No,Si,Si,5465.34
Suplantacion de Identidad,Correo Electronico,18-29,Masculino,Lima,Manana,Si,No,No,1315.24
Suplantacion de Identidad,WhatsApp o SMS,30-49,Femenino,Lima,Madrugada,No,No,Si,1994.36
Suplantacion de Identidad,Redes Sociales,18-29,Femenino,Lima,Tarde,No,No,No,2596.51
Estafa por Internet,Llamada Telefonica,65 o mas,Femenino,Lima,Manana,No,No,Si,4528.04
Fraude Informatico,Llamada Telefonica,30-49,Masculino,Arequipa,Noche,No,Si,No,6433.48
Sextorsion,WhatsApp o SMS,18-29,Femenino,Lima,Manana,No,No,Si,6493.75
Estafa por Internet,WhatsApp o SMS,18-29,Femenino,Lima,Manana,Si,Si,No,1211.38
Fraude Informatico,WhatsApp o SMS,18-29,Masculino,Lima,Manana,Si,No,No,6149.24
Fraude Informatico,Correo Electronico,30-49,Masculino,Puno,Madrugada,No,No,Si,6720.46
Fraude Informatico,Pagina Web Falsa,18-29,Femenino,La Libertad,Noche,Si,No,No,5450.38
Fraude Informatico,WhatsApp o SMS,30-49,Femenino,Lima,Madrugada,No,No,No,6676.36
Fraude Informatico,Redes Sociales,18-29,Femenino,Lambayeque,Noche,No,No,No,5715.89
Suplantacion de Identidad,Pagina Web Falsa,30-49,Femenino,Lambayeque,Noche,Si,No,No,2591.65
Fraude Informatico,Correo Electronico,50-64,Femenino,Lima,Tarde,No,Si,Si,6089.52
Fraude Informatico,Redes Sociales,50-64,Masculino,Lima,Tarde,No,No,Si,4674.63
Acceso Ilicito,Redes Sociales,50-64,Masculino,Piura,Tarde,No,No,No,4267.41
Fraude Informatico,Redes Sociales,18-29,Masculino,Puno,Manana,No,No,Si,4229.86
Acceso Ilicito,WhatsApp o SMS,18-29,Femenino,Junin,Tarde,Si,No,No,2989.17
Fraude Informatico,Redes Sociales,30-49,Masculino,Callao,Madrugada,No,Si,Si,7980.68
Fraude Informatico,Correo Electronico,18-29,Femenino,Arequipa,Madrugada,No,No,No,4928.04
Suplantacion de Identidad,Pagina Web Falsa,30-49,Femenino,Lima,Tarde,No,No,No,2391.32
Suplantacion de Identidad,Redes Sociales,18-29,Masculino,Lima,Tarde,No,No,No,2164.85
Estafa por Internet,Correo Electronico,18-29,Femenino,Lima,Noche,No,No,No,1508.74
Acceso Ilicito,WhatsApp o SMS,18-29,Femenino,Lima,Madrugada,No,No,No,2825.65
Acceso Ilicito,Redes Sociales,50-64,Masculino,Arequipa,Noche,Si,No,No,5321.17
Fraude Informatico,WhatsApp o SMS,18-29,Femenino,Arequipa,Manana,Si,No,Si,4972.26
Fraude Informatico,WhatsApp o SMS,30-49,Masculino,Piura,Manana,No,No,No,3594.11
Acceso Ilicito,Correo Electronico,18-29,Femenino,Lima,Manana,No,Si,Si,2008.18
Acceso Ilicito,Llamada Telefonica,30-49,Masculino,Arequipa,Manana,No,No,No,4967.92
Sextorsion,WhatsApp o SMS,18-29,Femenino,Lima,Manana,Si,Si,Si,4046.08
Fraude Informatico,Redes Sociales,50-64,Femenino,Lima,Tarde,Si,No,Si,10048.95
Fraude Informatico,Pagina Web Falsa,50-64,Masculino,Piura,Noche,No,Si,Si,4356.97
Acceso Ilicito,WhatsApp o SMS,18-29,Femenino,La Libertad,Manana,Si,No,Si,3649.12
Fraude Informatico,Redes Sociales,50-64,Femenino,Tacna,Tarde,No,No,Si,7370.63
Estafa por Internet,Correo Electronico,65 o mas,Femenino,Lima,Noche,No,No,No,4427.19
Estafa por Internet,Redes Sociales,50-64,Femenino,Lima,Tarde,No,No,Si,3619.24
Fraude Informatico,WhatsApp o SMS,50-64,Femenino,Lima,Tarde,No,No,No,5137.61
Acceso Ilicito,Redes Sociales,18-29,Femenino,Lima,Manana,No,No,No,5486.68
Acceso Ilicito,Correo Electronico,30-49,Masculino,Callao,Noche,No,No,No,2616.08
Fraude Informatico,Redes Sociales,18-29,Femenino,La Libertad,Tarde,No,No,Si,3774.41
Estafa por Internet,WhatsApp o SMS,18-29,Femenino,Callao,Manana,No,No,No,2627.26
Suplantacion de Identidad,Correo Electronico,65 o mas,Femenino,Lima,Manana,No,Si,No,2600.74
Acceso Ilicito,WhatsApp o SMS,18-29,Femenino,Callao,Noche,No,No,No,4014.45
Fraude Informatico,Correo Electronico,30-49,Masculino,Lima,Madrugada,No,No,Si,8379.82
Estafa por Internet,WhatsApp o SMS,50-64,Femenino,Callao,Noche,No,No,No,2455.58
Fraude Informatico,Llamada Telefonica,50-64,Masculino,Lima,Madrugada,No,No,No,11730.23
Fraude Informatico,Redes Sociales,65 o mas,Femenino,Lima,Tarde,No,No,No,4960.33
Estafa por Internet,WhatsApp o SMS,18-29,Masculino,Lima,Manana,No,Si,Si,2576.65
Fraude Informatico,WhatsApp o SMS,18-29,Masculino,Junin,Tarde,No,No,Si,3654.09
Fraude Informatico,WhatsApp o SMS,30-49,Masculino,Lima,Noche,No,No,Si,11127.07
Sextorsion,Pagina Web Falsa,18-29,Masculino,Lima,Manana,No,No,Si,3195.98
Sextorsion,Llamada Telefonica,18-29,Masculino,Callao,Tarde,Si,No,No,3672.74
Suplantacion de Identidad,Redes Sociales,18-29,Femenino,Lima,Madrugada,No,Si,Si,1978.05
Suplantacion de Identidad,Redes Sociales,50-64,Femenino,Lima,Madrugada,No,Si,No,1971.42
Fraude Informatico,Correo Electronico,30-49,Masculino,Lima,Manana,No,No,No,10284.18
Fraude Informatico,Pagina Web Falsa,18-29,Femenino,Lima,Tarde,No,No,No,8154.2
Fraude Informatico,Redes Sociales,30-49,Femenino,Lambayeque,Madrugada,No,No,No,8655.46
Suplantacion de Identidad,Redes Sociales,18-29,Masculino,Cusco,Madrugada,No,No,Si,2137.99
Acceso Ilicito,Redes Sociales,18-29,Femenino,Lima,Manana,No,No,No,3550.63
Acceso Ilicito,Correo Electronico,50-64,Masculino,Tacna,Tarde,Si,No,Si,2524.22
Acceso Ilicito,WhatsApp o SMS,30-49,Masculino,Lima,Tarde,No,No,No,2711.66
Fraude Informatico,Redes Sociales,50-64,Masculino,Lima,Manana,No,No,No,6158.29
Suplantacion de Identidad,Redes Sociales,18-29,Masculino,Lima,Madrugada,No,No,No,1206.0
Fraude Informatico,Correo Electronico,50-64,Femenino,Lima,Noche,Si,Si,Si,6347.69
Suplantacion de Identidad,WhatsApp o SMS,30-49,Femenino,Lima,Manana,Si,No,Si,1541.13
Fraude Informatico,Redes Sociales,30-49,Femenino,Junin,Noche,No,Si,No,2964.14
Estafa por Internet,Redes Sociales,30-49,Femenino,Cusco,Noche,Si,No,No,1339.97
Fraude Informatico,Redes Sociales,50-64,Masculino,Lima,Tarde,No,No,No,10985.45
Fraude Informatico,WhatsApp o SMS,30-49,Masculino,Arequipa,Manana,Si,Si,Si,5184.39
Fraude Informatico,Redes Sociales,30-49,Femenino,Piura,Noche,Si,Si,Si,4075.91
Acceso Ilicito,Redes Sociales,65 o mas,Femenino,Junin,Tarde,No,No,No,6692.29
Suplantacion de Identidad,Redes Sociales,50-64,Masculino,Callao,Tarde,Si,No,Si,1069.12
Fraude Informatico,Redes Sociales,30-49,Femenino,Lima,Manana,No,Si,No,9992.17
Fraude Informatico,Correo Electronico,30-49,Femenino,Cusco,Manana,No,No,No,7814.04
Acceso Ilicito,Pagina Web Falsa,18-29,Femenino,Arequipa,Madrugada,No,No,Si,2050.39
Fraude Informatico,WhatsApp o SMS,18-29,Masculino,Arequipa,Tarde,Si,Si,No,3242.44
Acceso Ilicito,Pagina Web Falsa,30-49,Masculino,Lima,Tarde,No,No,No,6253.74
Acceso Ilicito,Redes Sociales,50-64,Masculino,Lima,Manana,No,No,No,4600.25
Fraude Informatico,WhatsApp o SMS,50-64,Masculino,Lima,Tarde,Si,No,No,10212.24
Fraude Informatico,WhatsApp o SMS,18-29,Femenino,Lima,Manana,No,No,Si,4067.08
Sextorsion,WhatsApp o SMS,30-49,Femenino,Lima,Tarde,No,No,Si,5140.33
Fraude Informatico,Correo Electronico,18-29,Masculino,Piura,Noche,No,No,Si,2967.46
Fraude Informatico,Correo Electronico,65 o mas,Femenino,Lima,Manana,No,No,No,6575.62
Acceso Ilicito,Correo Electronico,65 o mas,Masculino,Arequipa,Manana,No,No,No,3545.9
Estafa por Internet,Redes Sociales,30-49,Masculino,Lima,Madrugada,No,No,No,4678.19
Sextorsion,Redes Sociales,50-64,Masculino,Junin,Tarde,Si,No,No,2890.55
Acceso Ilicito,WhatsApp o SMS,30-49,Masculino,Lima,Tarde,Si,Si,Si,3338.69
Fraude Informatico,WhatsApp o SMS,30-49,Masculino,Lima,Noche,No,No,Si,8517.29
Fraude Informatico,Redes Sociales,18-29,Masculino,Arequipa,Manana,No,Si,No,4895.43
Acceso Ilicito,WhatsApp o SMS,30-49,Femenino,Puno,Noche,No,No,Si,6290.32
Suplantacion de Identidad,WhatsApp o SMS,30-49,Femenino,Tacna,Madrugada,No,Si,Si,2068.09
Fraude Informatico,Redes Sociales,30-49,Femenino,Lima,Tarde,No,No,No,12134.03
Estafa por Internet,Correo Electronico,18-29,Masculino,Lima,Madrugada,No,No,Si,3217.75
Fraude Informatico,Llamada Telefonica,65 o mas,Femenino,Lambayeque,Noche,Si,Si,No,8413.42
Suplantacion de Identidad,Llamada Telefonica,18-29,Masculino,Lima,Tarde,No,Si,No,1720.36
Fraude Informatico,Redes Sociales,30-49,Femenino,Arequipa,Tarde,No,No,No,4058.34
Suplantacion de Identidad,Redes Sociales,30-49,Masculino,Lima,Noche,Si,No,No,2029.32
Fraude Informatico,Redes Sociales,30-49,Femenino,Lima,Manana,No,No,No,9459.43
Fraude Informatico,Correo Electronico,30-49,Masculino,Lima,Madrugada,No,Si,No,5742.35
Fraude Informatico,WhatsApp o SMS,18-29,Masculino,Lima,Noche,No,No,No,4833.65
Suplantacion de Identidad,Redes Sociales,18-29,Femenino,La Libertad,Manana,No,No,Si,1616.1
Acceso Ilicito,Pagina Web Falsa,30-49,Femenino,Junin,Madrugada,Si,No,Si,5375.63
Suplantacion de Identidad,Redes Sociales,30-49,Masculino,Lima,Tarde,No,No,Si,1324.08
Sextorsion,Redes Sociales,18-29,Femenino,Puno,Tarde,Si,Si,No,2792.31
Fraude Informatico,Redes Sociales,30-49,Femenino,Lima,Madrugada,Si,No,No,9170.45
Fraude Informatico,WhatsApp o SMS,30-49,Masculino,Lima,Manana,Si,No,No,10979.65
Estafa por Internet,Redes Sociales,30-49,Masculino,Lima,Madrugada,Si,No,No,4292.13
Fraude Informatico,WhatsApp o SMS,50-64,Masculino,Lambayeque,Manana,No,No,No,8835.63
Sextorsion,WhatsApp o SMS,18-29,Femenino,Cusco,Noche,No,No,Si,4081.64
Fraude Informatico,WhatsApp o SMS,18-29,Femenino,La Libertad,Noche,No,No,Si,3521.34
Sextorsion,Pagina Web Falsa,50-64,Masculino,Puno,Tarde,No,Si,Si,4599.04
Fraude Informatico,WhatsApp o SMS,30-49,Masculino,La Libertad,Manana,Si,No,No,7908.45
Estafa por Internet,Redes Sociales,30-49,Masculino,Junin,Noche,No,No,No,3907.87
Suplantacion de Identidad,WhatsApp o SMS,50-64,Femenino,Piura,Tarde,Si,No,Si,2418.21
Sextorsion,Llamada Telefonica,50-64,Femenino,Lambayeque,Manana,Si,No,No,3476.33
Fraude Informatico,WhatsApp o SMS,65 o mas,Femenino,Lima,Noche,Si,Si,No,7697.8
Suplantacion de Identidad,Redes Sociales,30-49,Femenino,Lima,Tarde,Si,No,No,1872.39
Sextorsion,Pagina Web Falsa,30-49,Femenino,Lima,Tarde,No,No,No,3360.76
Suplantacion de Identidad,Pagina Web Falsa,30-49,Femenino,Lima,Tarde,No,No,No,1733.05
Suplantacion de Identidad,WhatsApp o SMS,18-29,Masculino,Arequipa,Manana,No,No,Si,919.83
Suplantacion de Identidad,Pagina Web Falsa,30-49,Femenino,Lima,Manana,No,No,Si,3323.23
Suplantacion de Identidad,Redes Sociales,18-29,Masculino,Arequipa,Tarde,No,Si,No,796.43
Suplantacion de Identidad,Redes Sociales,50-64,Masculino,Lima,Manana,Si,No,No,1765.57
Suplantacion de Identidad,WhatsApp o SMS,30-49,Masculino,Lima,Manana,Si,No,Si,3284.86
Estafa por Internet,WhatsApp o SMS,30-49,Femenino,Lima,Tarde,No,No,No,2900.99
Fraude Informatico,Correo Electronico,18-29,Masculino,Junin,Tarde,No,No,No,2547.93
Fraude Informatico,Redes Sociales,18-29,Masculino,Lima,Tarde,No,No,No,4899.04
Sextorsion,Redes Sociales,18-29,Masculino,Lima,Tarde,No,Si,No,2353.34
Estafa por Internet,Correo Electronico,30-49,Masculino,Piura,Noche,No,No,Si,1687.86
Suplantacion de Identidad,Correo Electronico,18-29,Masculino,Arequipa,Tarde,No,No,Si,866.23
Suplantacion de Identidad,WhatsApp o SMS,30-49,Masculino,Lima,Manana,No,No,No,2705.82
Fraude Informatico,Redes Sociales,50-64,Femenino,Lima,Manana,No,Si,No,4653.1
Fraude Informatico,WhatsApp o SMS,50-64,Masculino,Lima,Manana,No,No,No,7105.25
Suplantacion de Identidad,Correo Electronico,30-49,Femenino,Junin,Madrugada,No,Si,No,2247.33
Fraude Informatico,Correo Electronico,18-29,Masculino,Lima,Manana,No,No,Si,5777.11
Suplantacion de Identidad,Llamada Telefonica,50-64,Femenino,Lima,Manana,No,Si,Si,2866.77
Fraude Informatico,WhatsApp o SMS,50-64,Femenino,Lima,Tarde,No,No,No,8232.99
Sextorsion,WhatsApp o SMS,18-29,Masculino,Lima,Noche,Si,No,Si,3954.88
Sextorsion,WhatsApp o SMS,30-49,Masculino,Cusco,Madrugada,No,No,Si,7002.18
Suplantacion de Identidad,WhatsApp o SMS,18-29,Femenino,Lima,Tarde,No,No,Si,1074.7
Suplantacion de Identidad,WhatsApp o SMS,50-64,Femenino,Lima,Tarde,Si,No,No,1326.33
Fraude Informatico,Pagina Web Falsa,65 o mas,Masculino,Lima,Madrugada,No,No,No,10655.76
Acceso Ilicito,WhatsApp o SMS,18-29,Femenino,Lima,Noche,Si,No,Si,3256.9
Suplantacion de Identidad,WhatsApp o SMS,50-64,Masculino,Lima,Tarde,No,No,No,3193.78
Fraude Informatico,Correo Electronico,30-49,Femenino,Cusco,Manana,No,Si,Si,7789.49
Estafa por Internet,Redes Sociales,65 o mas,Masculino,Cusco,Tarde,No,No,Si,2842.77
Acceso Ilicito,Correo Electronico,30-49,Masculino,Lambayeque,Manana,No,Si,Si,3618.15
Estafa por Internet,WhatsApp o SMS,50-64,Femenino,Callao,Tarde,No,No,No,2801.95
Acceso Ilicito,Redes Sociales,18-29,Femenino,La Libertad,Madrugada,No,No,Si,4444.83
Suplantacion de Identidad,WhatsApp o SMS,18-29,Femenino,Lima,Noche,No,No,No,2495.78
Fraude Informatico,WhatsApp o SMS,18-29,Masculino,Cusco,Manana,No,No,Si,7058.69
Estafa por Internet,Pagina Web Falsa,65 o mas,Masculino,Puno,Tarde,No,Si,No,1961.28
Estafa por Internet,WhatsApp o SMS,50-64,Masculino,Cusco,Manana,No,No,No,3563.07
Fraude Informatico,Redes Sociales,50-64,Femenino,Lima,Tarde,No,Si,Si,5166.94
Fraude Informatico,Redes Sociales,65 o mas,Femenino,Lima,Tarde,No,Si,No,5492.75
Fraude Informatico,WhatsApp o SMS,18-29,Femenino,Puno,Tarde,No,No,No,7221.33
Acceso Ilicito,Pagina Web Falsa,18-29,Femenino,Piura,Tarde,Si,Si,Si,856.85
Sextorsion,WhatsApp o SMS,18-29,Masculino,Tacna,Tarde,No,No,No,5861.55
Fraude Informatico,Correo Electronico,18-29,Masculino,Lima,Noche,No,Si,Si,3083.99
Suplantacion de Identidad,Llamada Telefonica,18-29,Masculino,Lima,Tarde,No,No,No,2473.95
Fraude Informatico,Redes Sociales,30-49,Femenino,Lima,Noche,No,No,Si,6401.36
Sextorsion,Llamada Telefonica,18-29,Masculino,Cusco,Noche,Si,Si,Si,1871.55
Acceso Ilicito,WhatsApp o SMS,18-29,Masculino,Lima,Manana,No,No,No,2687.84
Acceso Ilicito,Redes Sociales,18-29,Masculino,Lima,Manana,No,No,No,4070.68
Suplantacion de Identidad,WhatsApp o SMS,18-29,Masculino,Tacna,Manana,No,No,No,1272.14
Fraude Informatico,Correo Electronico,65 o mas,Femenino,Lima,Noche,Si,No,No,9837.84
Fraude Informatico,Llamada Telefonica,50-64,Femenino,Puno,Manana,No,No,No,3609.53
Fraude Informatico,WhatsApp o SMS,65 o mas,Masculino,Lima,Tarde,Si,Si,Si,3950.62
Estafa por Internet,Correo Electronico,30-49,Femenino,Puno,Noche,Si,No,No,1499.15
Acceso Ilicito,WhatsApp o SMS,18-29,Femenino,Arequipa,Manana,No,No,No,2756.98
Sextorsion,Redes Sociales,50-64,Masculino,Lambayeque,Tarde,Si,No,Si,6573.98
Sextorsion,Redes Sociales,18-29,Masculino,Lambayeque,Manana,No,No,No,5552.71
Suplantacion de Identidad,Llamada Telefonica,18-29,Masculino,Lima,Madrugada,Si,No,No,1228.94
Acceso Ilicito,Redes Sociales,18-29,Femenino,Lima,Tarde,No,Si,No,3061.95
Estafa por Internet,WhatsApp o SMS,18-29,Femenino,Lima,Madrugada,No,Si,No,2409.89
Acceso Ilicito,WhatsApp o SMS,18-29,Masculino,La Libertad,Manana,No,No,Si,2366.49
Fraude Informatico,WhatsApp o SMS,18-29,Masculino,Callao,Noche,Si,No,Si,3863.28
Suplantacion de Identidad,WhatsApp o SMS,30-49,Masculino,Lima,Manana,No,Si,No,2073.55
Fraude Informatico,WhatsApp o SMS,18-29,Masculino,Arequipa,Noche,No,Si,No,2222.06
Sextorsion,Pagina Web Falsa,18-29,Masculino,Lima,Noche,No,No,No,2629.91
Suplantacion de Identidad,Redes Sociales,50-64,Masculino,Cusco,Manana,No,No,No,1370.89
Fraude Informatico,Redes Sociales,18-29,Femenino,Junin,Madrugada,No,Si,Si,3943.99
Suplantacion de Identidad,WhatsApp o SMS,18-29,Masculino,Lima,Tarde,No,No,No,1075.53
Suplantacion de Identidad,Pagina Web Falsa,50-64,Masculino,Lima,Tarde,No,No,No,1707.0
Fraude Informatico,Correo Electronico,18-29,Masculino,Lima,Madrugada,No,No,No,5236.59
Fraude Informatico,WhatsApp o SMS,18-29,Femenino,Arequipa,Tarde,No,No,Si,2889.35
Suplantacion de Identidad,Correo Electronico,30-49,Masculino,Lima,Madrugada,No,No,Si,1711.96
Suplantacion de Identidad,Redes Sociales,18-29,Femenino,Lima,Noche,No,No,Si,2646.13
Acceso Ilicito,WhatsApp o SMS,30-49,Femenino,Lima,Madrugada,Si,No,Si,2336.85
Suplantacion de Identidad,Redes Sociales,50-64,Femenino,Lima,Madrugada,No,No,No,2854.74
Estafa por Internet,Redes Sociales,18-29,Masculino,Lima,Manana,Si,No,No,1945.7
Suplantacion de Identidad,WhatsApp o SMS,30-49,Femenino,Arequipa,Noche,Si,No,No,2198.72
Suplantacion de Identidad,Llamada Telefonica,30-49,Femenino,Lima,Tarde,No,Si,Si,2204.6
Estafa por Internet,Pagina Web Falsa,18-29,Femenino,Cusco,Noche,No,Si,Si,1012.9
Fraude Informatico,Correo Electronico,30-49,Masculino,Piura,Manana,Si,No,No,8420.06
Fraude Informatico,Redes Sociales,18-29,Femenino,Lima,Manana,No,No,Si,6199.63
Fraude Informatico,Redes Sociales,30-49,Femenino,Lima,Manana,No,Si,Si,8927.12
Acceso Ilicito,Correo Electronico,18-29,Masculino,Piura,Tarde,No,No,Si,2718.04
Suplantacion de Identidad,Redes Sociales,30-49,Femenino,Junin,Tarde,No,No,No,3117.84
Acceso Ilicito,WhatsApp o SMS,18-29,Masculino,Lima,Tarde,Si,Si,Si,3049.17
Fraude Informatico,Redes Sociales,50-64,Masculino,Lima,Manana,No,No,No,12094.09
Fraude Informatico,Pagina Web Falsa,18-29,Femenino,Lima,Noche,No,Si,Si,4818.05
Fraude Informatico,Redes Sociales,30-49,Femenino,Arequipa,Manana,No,Si,Si,5355.3
Fraude Informatico,WhatsApp o SMS,30-49,Masculino,Lima,Noche,No,No,No,10357.49
Suplantacion de Identidad,Correo Electronico,30-49,Femenino,Lima,Madrugada,No,No,Si,3416.22
Fraude Informatico,WhatsApp o SMS,30-49,Femenino,La Libertad,Tarde,No,No,Si,10249.02
Fraude Informatico,WhatsApp o SMS,30-49,Femenino,Arequipa,Manana,Si,No,No,5153.45
Estafa por Internet,WhatsApp o SMS,50-64,Masculino,Lima,Manana,No,No,No,4285.73
Fraude Informatico,WhatsApp o SMS,50-64,Femenino,Lima,Tarde,Si,No,No,5329.84
Suplantacion de Identidad,Correo Electronico,18-29,Masculino,Arequipa,Manana,No,No,Si,1568.36
Acceso Ilicito,Redes Sociales,30-49,Masculino,Lima,Manana,No,Si,Si,2753.39
Fraude Informatico,WhatsApp o SMS,50-64,Femenino,Lima,Tarde,No,No,No,6991.03
Suplantacion de Identidad,Pagina Web Falsa,65 o mas,Femenino,Callao,Tarde,No,No,No,3435.26
Estafa por Internet,Pagina Web Falsa,50-64,Masculino,Lima,Noche,No,No,No,2132.1
Estafa por Internet,Pagina Web Falsa,18-29,Femenino,Piura,Manana,No,No,No,2264.8
Fraude Informatico,WhatsApp o SMS,18-29,Masculino,Lambayeque,Tarde,Si,No,No,4645.06
Estafa por Internet,Redes Sociales,30-49,Femenino,Lima,Tarde,Si,No,No,1862.22
Suplantacion de Identidad,Llamada Telefonica,30-49,Femenino,Lima,Manana,No,No,No,2044.3
Fraude Informatico,Correo Electronico,30-49,Femenino,Arequipa,Tarde,No,Si,No,5846.4
Suplantacion de Identidad,WhatsApp o SMS,30-49,Femenino,Callao,Manana,No,Si,Si,1133.84
Sextorsion,WhatsApp o SMS,50-64,Femenino,Junin,Madrugada,No,No,Si,7283.49
Suplantacion de Identidad,Redes Sociales,18-29,Masculino,Piura,Manana,No,No,Si,2208.23
Fraude Informatico,Pagina Web Falsa,50-64,Femenino,Lima,Madrugada,No,No,Si,5896.77
Suplantacion de Identidad,Redes Sociales,30-49,Femenino,La Libertad,Tarde,Si,No,No,1287.96
Fraude Informatico,Redes Sociales,18-29,Femenino,Lima,Tarde,Si,No,No,5252.14
Fraude Informatico,WhatsApp o SMS,30-49,Masculino,Lima,Noche,No,Si,No,8422.42
Fraude Informatico,Correo Electronico,50-64,Femenino,Lima,Tarde,No,No,Si,6448.21
Fraude Informatico,Pagina Web Falsa,18-29,Masculino,Lima,Madrugada,No,No,Si,3249.25
Fraude Informatico,Redes Sociales,18-29,Femenino,Cusco,Noche,Si,No,Si,4425.19
Fraude Informatico,Correo Electronico,65 o mas,Femenino,Lima,Noche,No,Si,Si,11288.65
Suplantacion de Identidad,Llamada Telefonica,18-29,Femenino,Lima,Manana,No,Si,Si,1270.07
Fraude Informatico,WhatsApp o SMS,30-49,Masculino,Lima,Tarde,Si,No,No,6901.01
Fraude Informatico,Redes Sociales,30-49,Femenino,Callao,Noche,No,No,No,10282.31
Estafa por Internet,WhatsApp o SMS,30-49,Femenino,Piura,Tarde,No,No,No,3344.9
Suplantacion de Identidad,Correo Electronico,30-49,Femenino,Lima,Noche,No,No,No,3017.45
Suplantacion de Identidad,Redes Sociales,18-29,Masculino,Lima,Madrugada,No,No,Si,1992.57
Fraude Informatico,Redes Sociales,30-49,Femenino,Lima,Manana,No,Si,No,9953.61
Fraude Informatico,Correo Electronico,18-29,Femenino,Lambayeque,Manana,No,No,No,5944.33
Fraude Informatico,Redes Sociales,30-49,Femenino,Arequipa,Tarde,No,Si,No,7672.68
Fraude Informatico,Pagina Web Falsa,18-29,Femenino,Lima,Noche,No,No,No,7496.12
Fraude Informatico,Redes Sociales,30-49,Masculino,Arequipa,Noche,Si,Si,No,5866.8
Fraude Informatico,WhatsApp o SMS,18-29,Masculino,Lima,Manana,No,Si,No,3754.45
Fraude Informatico,Correo Electronico,18-29,Femenino,Cusco,Madrugada,No,No,No,4017.39
Fraude Informatico,Correo Electronico,18-29,Femenino,Lima,Noche,No,No,Si,8018.65
Suplantacion de Identidad,WhatsApp o SMS,18-29,Femenino,Lima,Tarde,Si,No,No,1314.57
Fraude Informatico,Pagina Web Falsa,50-64,Femenino,Lima,Manana,Si,Si,Si,6376.62
Fraude Informatico,Pagina Web Falsa,18-29,Femenino,Lima,Tarde,No,No,Si,4683.45
Suplantacion de Identidad,WhatsApp o SMS,50-64,Masculino,Lambayeque,Tarde,No,No,Si,2765.67
Suplantacion de Identidad,Llamada Telefonica,65 o mas,Masculino,Lima,Tarde,Si,No,Si,1556.78
Fraude Informatico,WhatsApp o SMS,30-49,Masculino,Callao,Tarde,No,No,No,9306.13
Acceso Ilicito,WhatsApp o SMS,18-29,Masculino,Cusco,Manana,No,No,No,3308.19
Suplantacion de Identidad,WhatsApp o SMS,18-29,Masculino,Lima,Noche,Si,No,No,1133.4
Fraude Informatico,Pagina Web Falsa,50-64,Masculino,Lima,Tarde,No,No,No,8596.79
Estafa por Internet,Correo Electronico,18-29,Femenino,Lima,Manana,Si,No,Si,1721.5
Estafa por Internet,WhatsApp o SMS,18-29,Masculino,Piura,Manana,Si,Si,Si,905.81
Fraude Informatico,Redes Sociales,30-49,Femenino,Lima,Tarde,No,Si,No,5747.81
Fraude Informatico,Redes Sociales,50-64,Femenino,Lima,Manana,Si,No,No,4224.89
Acceso Ilicito,WhatsApp o SMS,50-64,Masculino,Lima,Manana,Si,Si,No,5349.46
Acceso Ilicito,Pagina Web Falsa,18-29,Femenino,Piura,Tarde,No,No,Si,1594.6
Fraude Informatico,Pagina Web Falsa,30-49,Femenino,Lima,Manana,No,No,Si,9590.6
Fraude Informatico,Redes Sociales,18-29,Masculino,Lima,Tarde,No,No,Si,5445.17
Fraude Informatico,Llamada Telefonica,18-29,Femenino,Lima,Madrugada,No,No,Si,7162.56
Suplantacion de Identidad,Redes Sociales,50-64,Femenino,Lima,Tarde,Si,No,No,1926.56
Suplantacion de Identidad,Llamada Telefonica,18-29,Masculino,Puno,Manana,No,No,No,1760.63
Fraude Informatico,Correo Electronico,18-29,Masculino,Lima,Madrugada,No,No,No,7682.72
Suplantacion de Identidad,Redes Sociales,18-29,Masculino,Cusco,Madrugada,No,Si,No,1250.08
Acceso Ilicito,WhatsApp o SMS,50-64,Femenino,La Libertad,Noche,Si,No,Si,2302.36
Fraude Informatico,Pagina Web Falsa,50-64,Femenino,Arequipa,Noche,No,No,No,8098.25
Fraude Informatico,Redes Sociales,30-49,Masculino,La Libertad,Manana,No,Si,Si,4289.93
Acceso Ilicito,WhatsApp o SMS,50-64,Masculino,Lima,Tarde,No,Si,No,2141.65
Estafa por Internet,WhatsApp o SMS,18-29,Femenino,Lima,Tarde,No,No,No,2287.08
Suplantacion de Identidad,Redes Sociales,30-49,Femenino,La Libertad,Noche,No,No,No,1960.44
Suplantacion de Identidad,Redes Sociales,18-29,Femenino,Lima,Manana,No,No,No,1813.45
Fraude Informatico,Correo Electronico,18-29,Masculino,La Libertad,Tarde,No,No,Si,6024.12
Fraude Informatico,Pagina Web Falsa,30-49,Femenino,Lima,Madrugada,No,No,No,6672.96
Suplantacion de Identidad,WhatsApp o SMS,50-64,Masculino,Lambayeque,Manana,Si,No,Si,1528.65
Fraude Informatico,Correo Electronico,18-29,Femenino,Arequipa,Noche,No,Si,Si,1961.93
Fraude Informatico,WhatsApp o SMS,18-29,Masculino,Lima,Tarde,No,No,No,7417.63
Fraude Informatico,Pagina Web Falsa,18-29,Masculino,Lima,Manana,No,Si,Si,5072.17
Fraude Informatico,Pagina Web Falsa,18-29,Masculino,Piura,Madrugada,No,Si,No,2972.99
Fraude Informatico,Redes Sociales,50-64,Femenino,Cusco,Tarde,No,Si,Si,6628.54
Fraude Informatico,Correo Electronico,30-49,Masculino,Lima,Tarde,No,No,Si,8558.2
Fraude Informatico,WhatsApp o SMS,30-49,Masculino,Callao,Manana,No,Si,Si,5330.85
Fraude Informatico,Redes Sociales,50-64,Femenino,Lima,Noche,No,No,No,8343.43
Estafa por Internet,Pagina Web Falsa,18-29,Masculino,Lima,Madrugada,No,No,No,2840.87
Suplantacion de Identidad,Redes Sociales,30-49,Masculino,Callao,Manana,Si,No,No,2175.0
Suplantacion de Identidad,Redes Sociales,30-49,Masculino,Callao,Noche,No,No,No,1656.81
Acceso Ilicito,Redes Sociales,30-49,Masculino,La Libertad,Manana,No,Si,Si,2114.45
Suplantacion de Identidad,Pagina Web Falsa,65 o mas,Femenino,Callao,Manana,No,Si,Si,1280.44
Fraude Informatico,WhatsApp o SMS,50-64,Femenino,Lima,Tarde,No,No,No,9399.97
Suplantacion de Identidad,WhatsApp o SMS,18-29,Femenino,Callao,Noche,No,No,No,2059.31
Suplantacion de Identidad,Correo Electronico,50-64,Masculino,Lima,Madrugada,No,No,No,2251.0
Acceso Ilicito,Pagina Web Falsa,18-29,Masculino,Lima,Noche,No,No,No,2510.7
Fraude Informatico,WhatsApp o SMS,18-29,Masculino,Lima,Tarde,No,Si,No,5968.86
Fraude Informatico,WhatsApp o SMS,18-29,Femenino,Lima,Manana,No,No,No,8328.06
Fraude Informatico,WhatsApp o SMS,18-29,Femenino,Lima,Tarde,Si,Si,Si,5522.33
Fraude Informatico,WhatsApp o SMS,30-49,Masculino,Lima,Manana,No,No,No,9131.36
Suplantacion de Identidad,Redes Sociales,30-49,Femenino,Lima,Manana,No,No,No,3367.8
Suplantacion de Identidad,Correo Electronico,50-64,Femenino,Lima,Tarde,Si,No,Si,1159.68
Fraude Informatico,Correo Electronico,30-49,Masculino,Arequipa,Noche,No,No,No,4250.65
Sextorsion,Redes Sociales,30-49,Femenino,Lima,Madrugada,No,No,Si,3911.0
Suplantacion de Identidad,Redes Sociales,18-29,Femenino,Lima,Manana,No,Si,Si,1727.96
Fraude Informatico,Pagina Web Falsa,18-29,Femenino,Piura,Tarde,No,Si,Si,1993.54
Fraude Informatico,Redes Sociales,30-49,Femenino,Callao,Manana,No,No,No,6974.55
Fraude Informatico,Llamada Telefonica,30-49,Masculino,Piura,Manana,Si,No,No,6079.42
Fraude Informatico,Redes Sociales,50-64,Femenino,Lima,Madrugada,No,No,Si,6688.3
Fraude Informatico,WhatsApp o SMS,18-29,Femenino,Piura,Tarde,No,No,Si,6852.03
Fraude Informatico,Correo Electronico,18-29,Femenino,Lima,Manana,Si,No,No,3687.38
Fraude Informatico,WhatsApp o SMS,30-49,Masculino,Lima,Manana,Si,No,No,6393.47
Fraude Informatico,Correo Electronico,18-29,Femenino,Lima,Noche,No,Si,No,6052.31
Estafa por Internet,WhatsApp o SMS,18-29,Masculino,Cusco,Noche,No,No,No,1060.84
Fraude Informatico,WhatsApp o SMS,30-49,Femenino,Lima,Tarde,No,Si,No,7917.42
Suplantacion de Identidad,Pagina Web Falsa,18-29,Femenino,Lima,Manana,No,No,No,2468.25
Fraude Informatico,WhatsApp o SMS,30-49,Femenino,Lima,Tarde,No,Si,No,9667.81
Sextorsion,Pagina Web Falsa,18-29,Masculino,Callao,Manana,No,No,Si,5505.19
Fraude Informatico,WhatsApp o SMS,18-29,Masculino,La Libertad,Manana,Si,No,No,3482.38
Fraude Informatico,Redes Sociales,18-29,Femenino,Lima,Tarde,No,Si,Si,5160.23
Sextorsion,Correo Electronico,50-64,Masculino,Arequipa,Madrugada,No,No,Si,3232.84
Estafa por Internet,Redes Sociales,18-29,Masculino,Lima,Madrugada,No,No,No,1894.68
Acceso Ilicito,WhatsApp o SMS,50-64,Femenino,La Libertad,Madrugada,No,No,Si,2495.73
Fraude Informatico,WhatsApp o SMS,18-29,Masculino,Lima,Manana,No,Si,Si,3872.14
Fraude Informatico,WhatsApp o SMS,50-64,Femenino,Callao,Madrugada,No,Si,No,7563.53
Suplantacion de Identidad,WhatsApp o SMS,18-29,Masculino,Lima,Noche,Si,No,No,1397.83
Estafa por Internet,Correo Electronico,30-49,Masculino,La Libertad,Manana,No,No,No,2973.31
Suplantacion de Identidad,Llamada Telefonica,30-49,Masculino,Lima,Madrugada,No,Si,Si,1890.1
Suplantacion de Identidad,Pagina Web Falsa,50-64,Masculino,Lima,Manana,No,No,Si,2373.32
Fraude Informatico,Correo Electronico,18-29,Femenino,Lima,Noche,No,No,No,9184.83
Acceso Ilicito,Correo Electronico,18-29,Masculino,Lima,Tarde,No,No,Si,2985.58
Fraude Informatico,Correo Electronico,18-29,Femenino,Lima,Manana,Si,No,No,6200.28
Fraude Informatico,WhatsApp o SMS,50-64,Femenino,Cusco,Noche,Si,No,No,5750.39
Fraude Informatico,Pagina Web Falsa,30-49,Masculino,Lima,Manana,No,No,Si,4629.46
Suplantacion de Identidad,Correo Electronico,50-64,Masculino,La Libertad,Manana,No,No,No,2077.59
Fraude Informatico,Redes Sociales,18-29,Masculino,Cusco,Manana,Si,No,Si,5581.71
Fraude Informatico,WhatsApp o SMS,18-29,Femenino,Arequipa,Manana,No,No,Si,2993.76
Suplantacion de Identidad,Redes Sociales,18-29,Masculino,Piura,Manana,No,No,Si,854.39
Fraude Informatico,Redes Sociales,65 o mas,Masculino,La Libertad,Tarde,No,Si,No,4248.6
Suplantacion de Identidad,Pagina Web Falsa,30-49,Femenino,Lima,Manana,Si,No,Si,2844.9
Fraude Informatico,Redes Sociales,65 o mas,Femenino,Cusco,Tarde,No,No,Si,9791.96
Suplantacion de Identidad,Redes Sociales,18-29,Femenino,Lima,Madrugada,Si,Si,No,1278.02
Suplantacion de Identidad,Llamada Telefonica,30-49,Femenino,Arequipa,Manana,Si,No,No,1815.42
Fraude Informatico,WhatsApp o SMS,30-49,Masculino,Piura,Manana,No,No,No,9718.28
Fraude Informatico,Redes Sociales,18-29,Masculino,Lima,Noche,Si,No,Si,6966.84
Fraude Informatico,WhatsApp o SMS,50-64,Masculino,Lima,Manana,Si,Si,Si,7871.65
Fraude Informatico,Correo Electronico,65 o mas,Masculino,Lima,Tarde,No,Si,No,10177.78
Sextorsion,Pagina Web Falsa,50-64,Femenino,Puno,Manana,No,Si,Si,5027.96
Fraude Informatico,WhatsApp o SMS,30-49,Masculino,Lambayeque,Madrugada,No,Si,No,5269.08
Acceso Ilicito,Pagina Web Falsa,18-29,Femenino,Lima,Madrugada,No,No,Si,5117.54
Fraude Informatico,WhatsApp o SMS,18-29,Masculino,La Libertad,Manana,No,No,No,7130.04
Suplantacion de Identidad,Pagina Web Falsa,65 o mas,Femenino,Lambayeque,Manana,No,No,No,1257.13
Acceso Ilicito,Correo Electronico,18-29,Masculino,Lima,Manana,No,No,No,2068.33
Suplantacion de Identidad,Pagina Web Falsa,30-49,Femenino,Lima,Tarde,Si,No,No,3282.17
Suplantacion de Identidad,WhatsApp o SMS,30-49,Femenino,Piura,Madrugada,No,No,Si,1632.04
Fraude Informatico,Llamada Telefonica,30-49,Masculino,Puno,Tarde,No,No,No,9613.59
Fraude Informatico,Correo Electronico,65 o mas,Femenino,Callao,Manana,No,Si,No,5777.17
Estafa por Internet,WhatsApp o SMS,18-29,Masculino,Lima,Tarde,No,No,No,1547.75
Acceso Ilicito,Pagina Web Falsa,18-29,Femenino,Lima,Tarde,No,No,No,2176.66
Sextorsion,WhatsApp o SMS,18-29,Masculino,Lima,Manana,No,No,Si,3282.54
Fraude Informatico,Pagina Web Falsa,30-49,Femenino,Lima,Manana,No,No,Si,6186.62
Acceso Ilicito,WhatsApp o SMS,18-29,Femenino,Lima,Tarde,Si,No,No,3262.11
Estafa por Internet,Correo Electronico,18-29,Femenino,Cusco,Noche,Si,No,No,2042.55
Fraude Informatico,Redes Sociales,50-64,Femenino,Lima,Manana,No,No,No,12262.79
Fraude Informatico,WhatsApp o SMS,65 o mas,Femenino,Puno,Madrugada,Si,Si,Si,5413.66
Acceso Ilicito,WhatsApp o SMS,18-29,Femenino,Lima,Noche,Si,Si,Si,2443.64
Suplantacion de Identidad,WhatsApp o SMS,18-29,Femenino,Arequipa,Manana,No,No,Si,1532.72
Acceso Ilicito,Redes Sociales,50-64,Femenino,Lima,Tarde,Si,No,Si,4677.45
Fraude Informatico,WhatsApp o SMS,18-29,Masculino,Lima,Manana,Si,No,Si,5597.57
Acceso Ilicito,Redes Sociales,18-29,Masculino,Lima,Madrugada,No,Si,Si,1450.01
Fraude Informatico,WhatsApp o SMS,18-29,Femenino,Junin,Tarde,No,No,No,2508.62
Fraude Informatico,WhatsApp o SMS,30-49,Masculino,Cusco,Tarde,No,No,No,4183.66
Fraude Informatico,Correo Electronico,18-29,Masculino,Lima,Manana,No,Si,No,2857.39
Acceso Ilicito,WhatsApp o SMS,65 o mas,Femenino,Lima,Tarde,Si,No,No,6144.97
Suplantacion de Identidad,Pagina Web Falsa,30-49,Masculino,Lambayeque,Tarde,No,No,Si,1480.32
Suplantacion de Identidad,Pagina Web Falsa,30-49,Femenino,Lima,Tarde,Si,No,No,3138.11
Fraude Informatico,Correo Electronico,18-29,Femenino,Lima,Madrugada,Si,No,No,7857.33
Estafa por Internet,Redes Sociales,30-49,Femenino,Arequipa,Tarde,No,No,No,4132.5
Fraude Informatico,Pagina Web Falsa,30-49,Masculino,Junin,Tarde,No,No,No,10073.57
Acceso Ilicito,WhatsApp o SMS,50-64,Masculino,Lima,Tarde,No,Si,No,3126.15
Fraude Informatico,WhatsApp o SMS,50-64,Femenino,Lima,Tarde,No,No,Si,8330.66
Fraude Informatico,WhatsApp o SMS,30-49,Femenino,Lambayeque,Manana,No,No,Si,4728.18
Suplantacion de Identidad,Correo Electronico,50-64,Masculino,Lima,Tarde,No,No,Si,3232.87
Fraude Informatico,WhatsApp o SMS,50-64,Femenino,Lima,Tarde,No,Si,No,9371.91
Acceso Ilicito,Redes Sociales,50-64,Femenino,Arequipa,Madrugada,Si,No,No,5067.33
Suplantacion de Identidad,Llamada Telefonica,18-29,Masculino,Callao,Manana,No,No,No,1400.05
Fraude Informatico,Pagina Web Falsa,18-29,Masculino,Lima,Manana,No,No,Si,7866.71
Estafa por Internet,Redes Sociales,18-29,Masculino,Tacna,Tarde,No,Si,No,836.61
Fraude Informatico,WhatsApp o SMS,30-49,Masculino,La Libertad,Manana,Si,No,No,3376.53
Suplantacion de Identidad,Pagina Web Falsa,30-49,Masculino,Lima,Tarde,No,No,Si,3101.76
Estafa por Internet,Redes Sociales,30-49,Femenino,Tacna,Noche,No,No,No,2590.99
Suplantacion de Identidad,WhatsApp o SMS,50-64,Femenino,Lima,Tarde,Si,Si,No,2691.99
Fraude Informatico,WhatsApp o SMS,50-64,Femenino,Lima,Noche,No,No,No,4927.35
Estafa por Internet,Pagina Web Falsa,50-64,Masculino,Arequipa,Noche,No,No,No,3795.76
Suplantacion de Identidad,Correo Electronico,18-29,Masculino,Lima,Madrugada,No,Si,No,1396.48
Fraude Informatico,Pagina Web Falsa,30-49,Femenino,Lima,Tarde,Si,Si,No,7962.9
Fraude Informatico,Pagina Web Falsa,18-29,Masculino,Lima,Manana,No,No,Si,8232.05
Acceso Ilicito,Redes Sociales,18-29,Femenino,Lima,Noche,No,Si,Si,4035.58
Suplantacion de Identidad,Redes Sociales,18-29,Femenino,Puno,Manana,No,No,No,1196.78
Suplantacion de Identidad,Redes Sociales,18-29,Masculino,Arequipa,Noche,Si,No,Si,1848.49
Estafa por Internet,WhatsApp o SMS,30-49,Femenino,Tacna,Tarde,No,Si,No,1433.67
Acceso Ilicito,Redes Sociales,50-64,Masculino,Lima,Tarde,No,No,No,2880.75
Fraude Informatico,Correo Electronico,18-29,Femenino,Lima,Madrugada,Si,No,No,5123.89
Fraude Informatico,Redes Sociales,30-49,Masculino,Lima,Manana,No,No,Si,10958.66
Fraude Informatico,Pagina Web Falsa,30-49,Masculino,Lima,Tarde,Si,No,No,7300.66
Acceso Ilicito,Redes Sociales,18-29,Femenino,Lima,Madrugada,Si,No,Si,4386.65
Fraude Informatico,Redes Sociales,30-49,Masculino,Cusco,Noche,Si,No,Si,7685.54
Suplantacion de Identidad,Redes Sociales,18-29,Femenino,Lambayeque,Madrugada,No,Si,No,744.9
Acceso Ilicito,Redes Sociales,30-49,Femenino,Tacna,Tarde,No,No,Si,6085.3
Estafa por Internet,Correo Electronico,30-49,Femenino,Lima,Manana,Si,No,Si,1682.34
Fraude Informatico,WhatsApp o SMS,18-29,Masculino,Callao,Tarde,Si,Si,No,3845.27
Acceso Ilicito,Redes Sociales,18-29,Femenino,Lima,Tarde,No,No,No,3016.66
Fraude Informatico,WhatsApp o SMS,30-49,Femenino,Lima,Manana,Si,No,Si,7501.11
Acceso Ilicito,Redes Sociales,50-64,Femenino,Callao,Madrugada,No,No,Si,3873.88
Fraude Informatico,Redes Sociales,18-29,Femenino,La Libertad,Madrugada,No,No,No,3359.17
Fraude Informatico,Correo Electronico,30-49,Masculino,Lima,Tarde,No,No,No,7079.71
Acceso Ilicito,Llamada Telefonica,30-49,Femenino,Lima,Tarde,Si,No,No,3118.2
Fraude Informatico,Redes Sociales,65 o mas,Femenino,Lima,Tarde,No,No,No,6510.95
Fraude Informatico,Correo Electronico,50-64,Femenino,Piura,Tarde,No,No,No,4809.4
Acceso Ilicito,Redes Sociales,30-49,Femenino,Lima,Manana,Si,No,Si,4450.58
Acceso Ilicito,Redes Sociales,30-49,Masculino,Tacna,Manana,No,Si,Si,4283.17
Suplantacion de Identidad,WhatsApp o SMS,50-64,Femenino,Lima,Madrugada,No,Si,No,2164.66
Suplantacion de Identidad,WhatsApp o SMS,18-29,Masculino,Lima,Manana,No,No,Si,2612.26
Suplantacion de Identidad,Redes Sociales,18-29,Femenino,Lima,Noche,No,No,Si,2131.02
Fraude Informatico,Redes Sociales,18-29,Femenino,Lima,Noche,No,Si,No,5649.37
Fraude Informatico,WhatsApp o SMS,50-64,Masculino,Lima,Manana,Si,No,No,8757.05
Fraude Informatico,WhatsApp o SMS,50-64,Femenino,Piura,Tarde,No,Si,No,5222.03
Estafa por Internet,WhatsApp o SMS,18-29,Masculino,Callao,Noche,Si,No,Si,2021.88
Suplantacion de Identidad,Llamada Telefonica,30-49,Masculino,Lambayeque,Manana,No,Si,No,940.02
Fraude Informatico,WhatsApp o SMS,30-49,Femenino,Cusco,Madrugada,No,No,Si,9518.96
Suplantacion de Identidad,Redes Sociales,18-29,Femenino,Callao,Madrugada,No,No,No,1916.72
Estafa por Internet,WhatsApp o SMS,65 o mas,Masculino,Arequipa,Tarde,No,No,No,2384.74
Fraude Informatico,Redes Sociales,18-29,Femenino,Puno,Noche,No,No,No,6340.16
Suplantacion de Identidad,WhatsApp o SMS,18-29,Femenino,Lima,Tarde,No,No,No,961.2
Suplantacion de Identidad,WhatsApp o SMS,30-49,Femenino,Lima,Madrugada,No,No,Si,1775.19
Suplantacion de Identidad,Redes Sociales,30-49,Femenino,Lima,Manana,No,No,Si,1398.71
Fraude Informatico,WhatsApp o SMS,18-29,Masculino,Lima,Tarde,No,No,No,8001.42
Estafa por Internet,WhatsApp o SMS,30-49,Femenino,Lima,Noche,No,No,Si,4144.38
Estafa por Internet,WhatsApp o SMS,30-49,Femenino,Junin,Tarde,Si,No,Si,3284.09
Suplantacion de Identidad,WhatsApp o SMS,18-29,Masculino,Lima,Tarde,No,No,No,945.9
Suplantacion de Identidad,WhatsApp o SMS,18-29,Femenino,Lima,Madrugada,No,No,Si,1877.31
Estafa por Internet,WhatsApp o SMS,30-49,Femenino,Lima,Noche,Si,No,No,3614.51
Acceso Ilicito,Pagina Web Falsa,18-29,Masculino,Lima,Tarde,Si,No,No,2162.82
Fraude Informatico,Redes Sociales,65 o mas,Femenino,Lima,Manana,No,No,No,10635.56
Suplantacion de Identidad,Redes Sociales,50-64,Masculino,Lima,Tarde,No,No,Si,1445.67
Suplantacion de Identidad,WhatsApp o SMS,65 o mas,Masculino,Lima,Manana,No,No,No,1890.68
Fraude Informatico,Llamada Telefonica,18-29,Femenino,Lima,Madrugada,No,No,Si,6098.73
Acceso Ilicito,Redes Sociales,65 o mas,Masculino,Cusco,Manana,Si,No,Si,5018.01
Estafa por Internet,WhatsApp o SMS,30-49,Femenino,Piura,Manana,Si,Si,No,1227.15
Estafa por Internet,Redes Sociales,18-29,Femenino,Lima,Manana,No,No,No,1713.06
Suplantacion de Identidad,WhatsApp o SMS,18-29,Masculino,Lima,Manana,Si,No,No,1162.34
Fraude Informatico,WhatsApp o SMS,18-29,Masculino,Lima,Tarde,No,No,No,4616.88
Sextorsion,Redes Sociales,30-49,Femenino,Cusco,Tarde,No,No,No,4068.7
Acceso Ilicito,Pagina Web Falsa,30-49,Masculino,Lima,Manana,Si,No,No,4028.17
Fraude Informatico,Redes Sociales,18-29,Masculino,Lima,Madrugada,No,No,No,7211.19
Estafa por Internet,Correo Electronico,30-49,Masculino,Cusco,Tarde,Si,Si,No,1782.26
Estafa por Internet,Llamada Telefonica,18-29,Femenino,Lima,Manana,Si,Si,No,2041.56
Suplantacion de Identidad,WhatsApp o SMS,30-49,Femenino,Lima,Manana,No,Si,No,2469.02
Suplantacion de Identidad,WhatsApp o SMS,18-29,Femenino,Lima,Noche,No,No,Si,1174.74
Fraude Informatico,Redes Sociales,50-64,Masculino,Lambayeque,Tarde,No,No,Si,3841.89
Fraude Informatico,Redes Sociales,50-64,Femenino,Callao,Noche,No,No,No,9645.59
Fraude Informatico,Redes Sociales,30-49,Masculino,Piura,Tarde,No,Si,No,3189.07
Acceso Ilicito,Pagina Web Falsa,18-29,Femenino,Lima,Madrugada,No,No,No,2431.27
Fraude Informatico,Correo Electronico,18-29,Femenino,Lima,Tarde,Si,No,No,2871.73
Fraude Informatico,Redes Sociales,50-64,Femenino,Tacna,Manana,No,No,No,7898.35
Fraude Informatico,WhatsApp o SMS,18-29,Masculino,Junin,Manana,No,No,Si,5411.85
Suplantacion de Identidad,Pagina Web Falsa,18-29,Femenino,Lima,Madrugada,No,Si,Si,2118.84
Estafa por Internet,Llamada Telefonica,18-29,Masculino,Puno,Noche,Si,No,No,2357.79
Fraude Informatico,Pagina Web Falsa,30-49,Femenino,Lima,Madrugada,No,No,Si,7514.46
Fraude Informatico,WhatsApp o SMS,30-49,Femenino,Lima,Noche,No,No,No,7190.58
Acceso Ilicito,Redes Sociales,50-64,Femenino,La Libertad,Noche,Si,Si,No,2271.03
Suplantacion de Identidad,WhatsApp o SMS,18-29,Femenino,Lima,Tarde,No,No,No,1223.26
Fraude Informatico,WhatsApp o SMS,18-29,Femenino,Lambayeque,Tarde,No,Si,No,2233.29
Suplantacion de Identidad,WhatsApp o SMS,50-64,Femenino,Lima,Tarde,Si,No,No,1422.64
Fraude Informatico,Redes Sociales,50-64,Femenino,Lima,Noche,No,Si,No,4145.27
Fraude Informatico,Correo Electronico,18-29,Femenino,Lambayeque,Manana,Si,No,No,3147.18
Suplantacion de Identidad,WhatsApp o SMS,30-49,Masculino,Lambayeque,Tarde,No,No,No,1694.0
Fraude Informatico,Redes Sociales,18-29,Masculino,Lima,Tarde,No,No,Si,9134.87
Estafa por Internet,Redes Sociales,65 o mas,Femenino,Lima,Noche,Si,No,Si,3666.81
Fraude Informatico,Redes Sociales,18-29,Masculino,Arequipa,Tarde,No,No,No,7437.98
Suplantacion de Identidad,WhatsApp o SMS,65 o mas,Masculino,Lima,Tarde,Si,Si,No,1832.18
Suplantacion de Identidad,Redes Sociales,30-49,Femenino,Junin,Tarde,Si,No,No,1795.55
Fraude Informatico,Correo Electronico,30-49,Masculino,Lambayeque,Noche,Si,No,Si,5153.62
Suplantacion de Identidad,WhatsApp o SMS,18-29,Masculino,Lima,Tarde,Si,No,No,1126.76
Fraude Informatico,WhatsApp o SMS,30-49,Femenino,Lima,Manana,No,No,No,5306.11
Sextorsion,Redes Sociales,30-49,Femenino,Lima,Tarde,Si,Si,No,6936.38
Fraude Informatico,Llamada Telefonica,18-29,Masculino,Lambayeque,Noche,No,No,No,7434.05
Fraude Informatico,Correo Electronico,30-49,Masculino,Lima,Tarde,No,Si,No,3678.14
Fraude Informatico,Correo Electronico,65 o mas,Femenino,Lima,Noche,Si,Si,Si,4552.42
Sextorsion,Redes Sociales,30-49,Femenino,Lima,Madrugada,No,No,Si,6095.26
Suplantacion de Identidad,Redes Sociales,30-49,Femenino,Arequipa,Tarde,No,No,No,1441.3
Suplantacion de Identidad,WhatsApp o SMS,18-29,Masculino,Lima,Tarde,No,Si,No,1231.03
Fraude Informatico,Redes Sociales,30-49,Masculino,Lima,Noche,No,No,No,5190.04
Acceso Ilicito,Pagina Web Falsa,18-29,Masculino,Lambayeque,Madrugada,Si,No,No,2439.1
Fraude Informatico,Redes Sociales,30-49,Femenino,Lambayeque,Noche,No,No,Si,5401.86
Estafa por Internet,Pagina Web Falsa,65 o mas,Masculino,Cusco,Tarde,No,No,No,2726.1
Fraude Informatico,Correo Electronico,30-49,Masculino,Lima,Manana,Si,Si,No,3565.88
Fraude Informatico,WhatsApp o SMS,18-29,Femenino,Lima,Manana,No,No,No,5800.8
Fraude Informatico,Pagina Web Falsa,18-29,Femenino,Arequipa,Manana,No,No,Si,7416.29
Suplantacion de Identidad,WhatsApp o SMS,30-49,Masculino,Lima,Tarde,No,Si,Si,1678.39
Suplantacion de Identidad,Redes Sociales,30-49,Masculino,Lambayeque,Madrugada,No,Si,No,2271.11
Fraude Informatico,WhatsApp o SMS,50-64,Femenino,La Libertad,Manana,No,No,No,9402.39
Acceso Ilicito,WhatsApp o SMS,50-64,Masculino,Lima,Noche,Si,Si,No,5227.41
Suplantacion de Identidad,Redes Sociales,30-49,Femenino,Lambayeque,Madrugada,No,No,Si,2709.23
Suplantacion de Identidad,WhatsApp o SMS,18-29,Masculino,Junin,Manana,Si,Si,No,956.67
Fraude Informatico,Redes Sociales,18-29,Masculino,Lima,Tarde,Si,No,No,7461.21
Fraude Informatico,Redes Sociales,18-29,Femenino,Lima,Tarde,No,No,No,3597.78
Suplantacion de Identidad,WhatsApp o SMS,18-29,Masculino,Lima,Tarde,No,No,Si,1805.31
Fraude Informatico,WhatsApp o SMS,30-49,Masculino,Lima,Manana,No,No,No,12286.36
Fraude Informatico,Redes Sociales,30-49,Femenino,Lima,Tarde,No,Si,No,8569.8
Estafa por Internet,WhatsApp o SMS,30-49,Masculino,Arequipa,Tarde,Si,No,No,3655.19
Estafa por Internet,Correo Electronico,18-29,Femenino,Junin,Madrugada,No,Si,Si,1791.49
Fraude Informatico,Correo Electronico,18-29,Femenino,Lima,Manana,No,Si,Si,6530.69
Fraude Informatico,Pagina Web Falsa,18-29,Femenino,Lima,Manana,No,No,Si,7540.81
Suplantacion de Identidad,Correo Electronico,18-29,Femenino,Arequipa,Manana,No,Si,No,1323.53
Fraude Informatico,Redes Sociales,50-64,Masculino,Lima,Tarde,No,No,No,8441.22
Fraude Informatico,Correo Electronico,18-29,Femenino,Callao,Tarde,No,Si,Si,4984.83
Fraude Informatico,WhatsApp o SMS,30-49,Masculino,Lima,Manana,No,No,No,10931.57
Acceso Ilicito,WhatsApp o SMS,18-29,Masculino,Lima,Manana,No,No,Si,5039.57
Suplantacion de Identidad,Correo Electronico,50-64,Femenino,Lima,Manana,No,No,Si,2903.2
Fraude Informatico,Redes Sociales,30-49,Masculino,Cusco,Tarde,Si,No,No,5028.62
Fraude Informatico,Correo Electronico,18-29,Femenino,Lima,Manana,No,No,No,3347.69
Fraude Informatico,Pagina Web Falsa,30-49,Femenino,Cusco,Tarde,No,No,Si,10049.59
Suplantacion de Identidad,Pagina Web Falsa,30-49,Femenino,Lima,Manana,No,Si,Si,2199.39
Fraude Informatico,Pagina Web Falsa,65 o mas,Femenino,Lima,Tarde,No,No,No,7382.82
Fraude Informatico,Redes Sociales,18-29,Femenino,Lima,Noche,Si,No,No,3570.24
Acceso Ilicito,WhatsApp o SMS,50-64,Masculino,Junin,Manana,No,No,No,5584.0
Fraude Informatico,Redes Sociales,65 o mas,Femenino,Lambayeque,Tarde,No,No,No,10692.16
Suplantacion de Identidad,Redes Sociales,50-64,Femenino,Lima,Noche,Si,No,No,2957.64
Fraude Informatico,Redes Sociales,30-49,Masculino,Lima,Manana,Si,Si,No,6870.5
Fraude Informatico,Correo Electronico,30-49,Masculino,Lima,Tarde,No,Si,Si,5845.6
Fraude Informatico,Correo Electronico,30-49,Masculino,Lima,Madrugada,No,No,Si,6633.58
Acceso Ilicito,Redes Sociales,50-64,Femenino,Lima,Tarde,Si,No,Si,2288.5
Estafa por Internet,WhatsApp o SMS,30-49,Masculino,Lambayeque,Madrugada,No,No,No,3734.1
Acceso Ilicito,Redes Sociales,30-49,Masculino,Lambayeque,Noche,Si,No,No,2202.87
Fraude Informatico,WhatsApp o SMS,30-49,Masculino,Lima,Tarde,Si,No,Si,8480.66
Suplantacion de Identidad,Pagina Web Falsa,30-49,Masculino,Lima,Tarde,Si,Si,No,1807.33
Fraude Informatico,WhatsApp o SMS,50-64,Femenino,Callao,Tarde,No,No,No,7186.83
Fraude Informatico,WhatsApp o SMS,18-29,Femenino,Cusco,Tarde,Si,Si,No,3923.46
Estafa por Internet,WhatsApp o SMS,50-64,Femenino,Lima,Manana,No,No,Si,1754.33
Fraude Informatico,Redes Sociales,30-49,Femenino,Lima,Noche,Si,No,Si,9550.44
Fraude Informatico,Redes Sociales,50-64,Masculino,Lima,Noche,No,No,No,4554.43
Fraude Informatico,WhatsApp o SMS,30-49,Femenino,Lima,Tarde,No,No,Si,4439.77
Fraude Informatico,WhatsApp o SMS,18-29,Masculino,Lima,Noche,No,No,No,5811.36
Fraude Informatico,Redes Sociales,50-64,Masculino,Lima,Tarde,No,Si,No,3800.76
Suplantacion de Identidad,WhatsApp o SMS,18-29,Femenino,La Libertad,Tarde,No,No,Si,1933.72
Fraude Informatico,Correo Electronico,50-64,Femenino,Lima,Tarde,Si,Si,Si,6177.38
Estafa por Internet,Redes Sociales,30-49,Masculino,Lima,Manana,No,No,No,1745.83
Acceso Ilicito,Redes Sociales,30-49,Masculino,Lima,Madrugada,Si,No,No,2432.25
Fraude Informatico,WhatsApp o SMS,18-29,Femenino,Cusco,Manana,No,No,Si,5563.34
Fraude Informatico,Llamada Telefonica,30-49,Femenino,Callao,Tarde,No,No,Si,9142.78
Fraude Informatico,Redes Sociales,18-29,Masculino,Lima,Manana,No,No,Si,5861.25
Suplantacion de Identidad,Correo Electronico,18-29,Masculino,Lima,Manana,No,No,No,1977.34
Fraude Informatico,WhatsApp o SMS,18-29,Femenino,Tacna,Noche,Si,No,Si,5524.28
Suplantacion de Identidad,Redes Sociales,18-29,Masculino,Lima,Manana,No,No,Si,2082.2
Fraude Informatico,WhatsApp o SMS,65 o mas,Femenino,Lima,Tarde,No,No,No,6704.03
Suplantacion de Identidad,Redes Sociales,65 o mas,Femenino,Lima,Madrugada,No,No,Si,3088.72
Fraude Informatico,Llamada Telefonica,18-29,Femenino,Lima,Madrugada,Si,No,No,6205.54
Fraude Informatico,Redes Sociales,30-49,Femenino,Lima,Tarde,No,Si,No,8330.22
Estafa por Internet,WhatsApp o SMS,18-29,Femenino,Lambayeque,Tarde,No,No,Si,2241.75
Acceso Ilicito,WhatsApp o SMS,30-49,Femenino,Arequipa,Tarde,No,Si,No,4848.5
Fraude Informatico,Redes Sociales,50-64,Femenino,Lima,Madrugada,No,No,No,5752.63
Estafa por Internet,WhatsApp o SMS,65 o mas,Femenino,Lambayeque,Tarde,No,No,Si,4643.49
Suplantacion de Identidad,WhatsApp o SMS,30-49,Femenino,Lima,Manana,Si,No,No,2336.26
Estafa por Internet,Correo Electronico,50-64,Masculino,Lima,Manana,No,Si,No,3164.28
Acceso Ilicito,Redes Sociales,18-29,Femenino,Arequipa,Madrugada,No,No,Si,1798.38
Fraude Informatico,WhatsApp o SMS,65 o mas,Femenino,Arequipa,Madrugada,No,Si,No,5723.74
Fraude Informatico,Pagina Web Falsa,18-29,Masculino,Lima,Manana,No,No,No,7933.62
Fraude Informatico,WhatsApp o SMS,30-49,Masculino,Lima,Madrugada,No,No,No,9957.02
Suplantacion de Identidad,Llamada Telefonica,30-49,Femenino,La Libertad,Noche,Si,No,No,1012.76
Suplantacion de Identidad,WhatsApp o SMS,30-49,Masculino,La Libertad,Manana,Si,No,Si,1962.36
Fraude Informatico,Pagina Web Falsa,18-29,Masculino,La Libertad,Madrugada,Si,No,Si,2500.18
Fraude Informatico,Redes Sociales,65 o mas,Masculino,Lima,Manana,Si,No,No,12714.78
Acceso Ilicito,Pagina Web Falsa,18-29,Femenino,Lima,Tarde,No,No,Si,5239.86
Sextorsion,Llamada Telefonica,30-49,Masculino,Lima,Madrugada,No,Si,No,2813.84
Suplantacion de Identidad,WhatsApp o SMS,18-29,Femenino,Lima,Noche,No,No,No,2547.47
Fraude Informatico,Llamada Telefonica,18-29,Masculino,Junin,Noche,No,Si,Si,4968.0
Fraude Informatico,Redes Sociales,30-49,Masculino,Lima,Manana,No,No,Si,7041.77
Fraude Informatico,Redes Sociales,30-49,Femenino,Lima,Tarde,No,No,No,10060.89
Estafa por Internet,WhatsApp o SMS,18-29,Masculino,Cusco,Madrugada,No,Si,No,1318.95
Fraude Informatico,Redes Sociales,18-29,Femenino,Lima,Tarde,Si,Si,No,4620.93
Suplantacion de Identidad,WhatsApp o SMS,30-49,Masculino,Lima,Manana,Si,Si,No,1512.57
Fraude Informatico,Redes Sociales,50-64,Femenino,Puno,Manana,Si,No,No,5141.0
Suplantacion de Identidad,Redes Sociales,50-64,Femenino,Callao,Manana,No,No,Si,1941.31
Suplantacion de Identidad,Correo Electronico,18-29,Femenino,La Libertad,Tarde,No,No,No,968.35
Acceso Ilicito,Pagina Web Falsa,18-29,Masculino,Lima,Manana,No,No,Si,4991.77
Fraude Informatico,Redes Sociales,18-29,Femenino,Arequipa,Manana,No,No,No,4243.49
Fraude Informatico,WhatsApp o SMS,18-29,Femenino,Cusco,Tarde,No,Si,No,3150.52
Fraude Informatico,WhatsApp o SMS,30-49,Femenino,Lima,Tarde,No,Si,No,9409.87
Estafa por Internet,WhatsApp o SMS,30-49,Masculino,Lima,Noche,No,No,No,3288.86
Estafa por Internet,WhatsApp o SMS,18-29,Masculino,Callao,Madrugada,No,No,Si,2088.51
Suplantacion de Identidad,WhatsApp o SMS,18-29,Femenino,Lima,Tarde,No,Si,No,2075.51
Suplantacion de Identidad,WhatsApp o SMS,18-29,Femenino,Piura,Tarde,No,No,No,2080.09
Suplantacion de Identidad,Llamada Telefonica,50-64,Femenino,Lima,Madrugada,No,No,Si,1656.93
Fraude Informatico,Redes Sociales,65 o mas,Femenino,Lima,Tarde,No,No,Si,9002.24
Estafa por Internet,WhatsApp o SMS,18-29,Femenino,Lima,Manana,No,No,No,3678.24
Fraude Informatico,Redes Sociales,18-29,Masculino,Puno,Noche,No,Si,No,3053.28
Fraude Informatico,WhatsApp o SMS,50-64,Femenino,Lima,Madrugada,No,No,Si,7190.48
Suplantacion de Identidad,Redes Sociales,50-64,Femenino,Lima,Tarde,Si,No,Si,1563.82
Fraude Informatico,Redes Sociales,30-49,Femenino,La Libertad,Manana,Si,No,Si,3839.52
Fraude Informatico,Redes Sociales,18-29,Masculino,Piura,Noche,No,Si,No,4341.07
Acceso Ilicito,Redes Sociales,18-29,Masculino,Junin,Manana,No,Si,Si,2667.06
Fraude Informatico,Llamada Telefonica,30-49,Masculino,Lima,Noche,No,No,No,12119.36
Suplantacion de Identidad,Pagina Web Falsa,18-29,Femenino,Lima,Noche,No,No,No,2387.66
Fraude Informatico,Redes Sociales,18-29,Femenino,Junin,Manana,No,No,Si,3716.76
Fraude Informatico,Redes Sociales,30-49,Femenino,La Libertad,Noche,No,No,No,3780.82
Fraude Informatico,Redes Sociales,18-29,Femenino,Lima,Noche,No,No,No,9283.98
Fraude Informatico,WhatsApp o SMS,50-64,Femenino,Lima,Manana,No,No,No,6933.72
Acceso Ilicito,Redes Sociales,18-29,Masculino,Puno,Manana,Si,No,No,2070.53
Fraude Informatico,WhatsApp o SMS,18-29,Masculino,Lima,Tarde,No,No,Si,8787.22
Suplantacion de Identidad,Redes Sociales,30-49,Masculino,La Libertad,Manana,Si,No,Si,2034.56
Suplantacion de Identidad,Redes Sociales,18-29,Femenino,Lima,Madrugada,No,Si,No,1018.69
Suplantacion de Identidad,WhatsApp o SMS,65 o mas,Masculino,Lima,Manana,No,No,No,3854.74
Estafa por Internet,Llamada Telefonica,30-49,Femenino,Arequipa,Manana,Si,No,Si,3733.4
Acceso Ilicito,Pagina Web Falsa,18-29,Femenino,Lima,Manana,Si,Si,Si,1408.03
Fraude Informatico,Correo Electronico,30-49,Masculino,Lima,Manana,No,No,No,11238.58
Fraude Informatico,Redes Sociales,18-29,Femenino,Lima,Noche,No,No,Si,5565.72
Fraude Informatico,Pagina Web Falsa,50-64,Femenino,Lima,Tarde,No,No,Si,8448.6
Suplantacion de Identidad,WhatsApp o SMS,18-29,Femenino,Piura,Madrugada,No,No,No,2122.22
Fraude Informatico,Correo Electronico,30-49,Masculino,Puno,Tarde,Si,No,No,9208.62
Suplantacion de Identidad,WhatsApp o SMS,18-29,Masculino,Cusco,Tarde,Si,No,No,971.76
Suplantacion de Identidad,Correo Electronico,30-49,Femenino,Lima,Noche,No,Si,Si,1443.52
Fraude Informatico,WhatsApp o SMS,50-64,Masculino,Lima,Madrugada,No,No,No,4789.26
Acceso Ilicito,Pagina Web Falsa,50-64,Femenino,Lima,Manana,No,No,No,5255.9
Fraude Informatico,Llamada Telefonica,18-29,Femenino,Lambayeque,Noche,No,No,No,2568.02
Fraude Informatico,WhatsApp o SMS,18-29,Masculino,Puno,Noche,Si,No,Si,3875.57
Acceso Ilicito,Redes Sociales,50-64,Masculino,Puno,Tarde,Si,No,No,2150.19
Suplantacion de Identidad,Llamada Telefonica,65 o mas,Masculino,Lima,Tarde,No,No,Si,2512.0
Suplantacion de Identidad,Redes Sociales,18-29,Femenino,Lima,Madrugada,No,No,Si,1012.37
Fraude Informatico,Pagina Web Falsa,30-49,Masculino,Lima,Tarde,No,No,No,11015.54
Fraude Informatico,Redes Sociales,18-29,Masculino,Lima,Manana,No,Si,No,3371.26
Acceso Ilicito,Redes Sociales,50-64,Masculino,Lima,Manana,Si,No,No,3727.39
Acceso Ilicito,WhatsApp o SMS,18-29,Femenino,Junin,Noche,No,Si,Si,2877.1
Suplantacion de Identidad,WhatsApp o SMS,18-29,Masculino,Lima,Madrugada,No,No,No,2336.75
Fraude Informatico,Correo Electronico,50-64,Masculino,Lima,Tarde,No,No,No,5932.07
Suplantacion de Identidad,Redes Sociales,18-29,Femenino,Lima,Noche,Si,Si,No,686.28
Fraude Informatico,Redes Sociales,30-49,Femenino,Lambayeque,Manana,No,No,No,8509.72
Fraude Informatico,Redes Sociales,30-49,Femenino,Arequipa,Noche,Si,No,Si,5566.89
Estafa por Internet,Redes Sociales,18-29,Masculino,La Libertad,Noche,Si,No,Si,2152.34
Fraude Informatico,Pagina Web Falsa,18-29,Masculino,Lambayeque,Tarde,Si,No,Si,4017.5
Sextorsion,Llamada Telefonica,30-49,Masculino,Lima,Manana,No,No,No,5583.62
Fraude Informatico,Redes Sociales,18-29,Masculino,Arequipa,Manana,No,Si,No,3329.22
Fraude Informatico,Pagina Web Falsa,30-49,Femenino,Lima,Manana,No,No,Si,10300.61
Suplantacion de Identidad,Correo Electronico,50-64,Femenino,Lima,Manana,No,Si,No,2839.5
Estafa por Internet,Redes Sociales,50-64,Femenino,Puno,Manana,No,No,Si,1539.35
Acceso Ilicito,Llamada Telefonica,18-29,Femenino,Cusco,Noche,No,No,No,3072.33
Acceso Ilicito,WhatsApp o SMS,18-29,Femenino,Lima,Manana,No,No,No,1998.13
Suplantacion de Identidad,WhatsApp o SMS,18-29,Femenino,Lima,Tarde,Si,Si,Si,1162.09
Suplantacion de Identidad,Pagina Web Falsa,18-29,Femenino,Lima,Madrugada,No,Si,Si,1974.03
Acceso Ilicito,Redes Sociales,30-49,Femenino,Lima,Tarde,No,No,Si,4264.87
Fraude Informatico,Pagina Web Falsa,30-49,Femenino,Lima,Noche,Si,No,No,10743.38
Suplantacion de Identidad,Pagina Web Falsa,18-29,Femenino,Lima,Manana,Si,No,No,1865.5
Fraude Informatico,WhatsApp o SMS,18-29,Femenino,Lima,Manana,Si,No,No,7887.85
Sextorsion,Pagina Web Falsa,18-29,Masculino,Cusco,Tarde,Si,No,Si,4274.37
Estafa por Internet,Redes Sociales,30-49,Masculino,Lima,Tarde,Si,Si,Si,1448.24
Fraude Informatico,Redes Sociales,18-29,Masculino,Lima,Tarde,No,No,No,4569.7
Acceso Ilicito,Redes Sociales,30-49,Femenino,Lima,Manana,No,No,Si,4426.14
Estafa por Internet,Llamada Telefonica,18-29,Masculino,Callao,Manana,No,No,Si,1340.21
Fraude Informatico,WhatsApp o SMS,50-64,Masculino,Lima,Noche,No,No,Si,8208.02
Suplantacion de Identidad,Redes Sociales,50-64,Masculino,Lima,Noche,No,No,No,2404.14
Estafa por Internet,Correo Electronico,18-29,Femenino,Lima,Tarde,No,No,No,3640.65
Fraude Informatico,Correo Electronico,18-29,Masculino,Piura,Noche,No,Si,Si,3268.05
Suplantacion de Identidad,Correo Electronico,30-49,Masculino,Arequipa,Tarde,No,No,No,2699.82
Fraude Informatico,WhatsApp o SMS,18-29,Masculino,Puno,Manana,No,No,Si,7209.55
Estafa por Internet,WhatsApp o SMS,30-49,Masculino,Junin,Manana,Si,No,Si,3442.47
Sextorsion,Redes Sociales,50-64,Femenino,Cusco,Manana,No,No,Si,3968.54
Estafa por Internet,Pagina Web Falsa,30-49,Masculino,Arequipa,Tarde,Si,No,No,2490.07
Suplantacion de Identidad,WhatsApp o SMS,50-64,Femenino,Lima,Madrugada,No,Si,No,1716.67
Estafa por Internet,WhatsApp o SMS,18-29,Masculino,Lima,Manana,Si,No,No,1979.69
Acceso Ilicito,Llamada Telefonica,18-29,Femenino,Tacna,Tarde,Si,Si,No,1420.33
Fraude Informatico,WhatsApp o SMS,30-49,Femenino,Lima,Tarde,No,No,No,10942.46
Acceso Ilicito,Llamada Telefonica,18-29,Femenino,Lima,Tarde,No,No,No,3570.52
Fraude Informatico,Correo Electronico,30-49,Masculino,La Libertad,Noche,No,Si,No,5630.32
Suplantacion de Identidad,Pagina Web Falsa,18-29,Femenino,Lima,Madrugada,Si,No,No,2446.04
Fraude Informatico,WhatsApp o SMS,18-29,Masculino,Arequipa,Tarde,Si,Si,No,1539.94
Fraude Informatico,WhatsApp o SMS,65 o mas,Masculino,Arequipa,Tarde,Si,No,No,7162.69
Fraude Informatico,Correo Electronico,18-29,Femenino,Lima,Tarde,No,No,No,7962.89
Suplantacion de Identidad,Pagina Web Falsa,65 o mas,Femenino,Puno,Manana,No,Si,Si,1269.77
Fraude Informatico,Correo Electronico,65 o mas,Femenino,Lima,Madrugada,Si,Si,No,7780.72
Acceso Ilicito,WhatsApp o SMS,50-64,Masculino,Lima,Noche,No,No,No,3660.35
Fraude Informatico,Correo Electronico,30-49,Masculino,Lima,Tarde,No,No,Si,11281.08
Fraude Informatico,Correo Electronico,30-49,Femenino,La Libertad,Noche,No,No,Si,5789.7
Suplantacion de Identidad,Correo Electronico,50-64,Femenino,Cusco,Tarde,Si,Si,No,1181.41
Acceso Ilicito,Correo Electronico,18-29,Masculino,Lima,Tarde,No,No,Si,4118.23
Fraude Informatico,Pagina Web Falsa,30-49,Masculino,La Libertad,Noche,No,Si,Si,3759.6
Suplantacion de Identidad,Redes Sociales,30-49,Masculino,Lima,Tarde,No,No,Si,1942.6
Estafa por Internet,WhatsApp o SMS,30-49,Masculino,Lambayeque,Manana,Si,No,No,2291.58
Suplantacion de Identidad,Redes Sociales,30-49,Femenino,Lima,Tarde,No,No,Si,2112.75
Fraude Informatico,WhatsApp o SMS,18-29,Femenino,Piura,Noche,No,No,No,5124.39
Fraude Informatico,Redes Sociales,30-49,Femenino,Lima,Manana,No,Si,No,7422.57
Estafa por Internet,Redes Sociales,50-64,Femenino,Lima,Manana,Si,No,Si,3200.0
Fraude Informatico,WhatsApp o SMS,18-29,Femenino,Lima,Madrugada,Si,Si,No,4616.67
Estafa por Internet,WhatsApp o SMS,65 o mas,Femenino,Callao,Noche,Si,No,Si,2342.47
Suplantacion de Identidad,WhatsApp o SMS,30-49,Femenino,Lima,Madrugada,No,No,No,1550.4
Estafa por Internet,Pagina Web Falsa,50-64,Masculino,Lambayeque,Tarde,Si,Si,Si,2395.53
Acceso Ilicito,Llamada Telefonica,30-49,Masculino,Lima,Manana,No,No,No,6686.36
Sextorsion,WhatsApp o SMS,50-64,Masculino,Lima,Manana,No,No,No,4996.24
Fraude Informatico,Llamada Telefonica,18-29,Masculino,Lima,Tarde,No,No,No,5669.32
Acceso Ilicito,Redes Sociales,50-64,Femenino,Cusco,Madrugada,No,Si,No,3295.28
Fraude Informatico,WhatsApp o SMS,18-29,Masculino,Lima,Tarde,Si,Si,No,4133.31
Suplantacion de Identidad,WhatsApp o SMS,50-64,Femenino,Callao,Tarde,No,No,Si,2434.93
Suplantacion de Identidad,Redes Sociales,65 o mas,Masculino,Lambayeque,Noche,No,Si,No,1056.13
Estafa por Internet,Correo Electronico,18-29,Femenino,Junin,Manana,No,No,Si,2442.95
Sextorsion,Correo Electronico,18-29,Masculino,Lima,Noche,No,No,No,2809.86
Acceso Ilicito,WhatsApp o SMS,50-64,Femenino,La Libertad,Tarde,No,Si,No,3195.35
Fraude Informatico,WhatsApp o SMS,18-29,Femenino,Cusco,Noche,No,No,Si,6638.36
Fraude Informatico,Redes Sociales,50-64,Masculino,Lima,Tarde,No,Si,No,6420.7
Acceso Ilicito,WhatsApp o SMS,18-29,Femenino,Arequipa,Tarde,No,No,Si,1947.27
Fraude Informatico,WhatsApp o SMS,18-29,Masculino,Lima,Noche,No,No,Si,9281.46
Fraude Informatico,WhatsApp o SMS,65 o mas,Masculino,Lima,Noche,Si,No,No,11808.93
Fraude Informatico,Pagina Web Falsa,30-49,Masculino,Lima,Manana,No,No,Si,10488.34
Fraude Informatico,Llamada Telefonica,50-64,Masculino,Lima,Manana,Si,Si,Si,5469.07
Fraude Informatico,Redes Sociales,18-29,Masculino,Lima,Manana,Si,No,No,3761.15
Fraude Informatico,Pagina Web Falsa,30-49,Femenino,Lima,Manana,Si,No,Si,10810.58
Fraude Informatico,WhatsApp o SMS,30-49,Masculino,Arequipa,Manana,No,No,No,7226.46
Fraude Informatico,Redes Sociales,30-49,Masculino,Lima,Manana,No,No,No,11156.93
Sextorsion,WhatsApp o SMS,30-49,Masculino,Lima,Noche,Si,Si,Si,4042.06
Fraude Informatico,Redes Sociales,30-49,Femenino,Lima,Madrugada,No,No,Si,6891.13
Fraude Informatico,Llamada Telefonica,30-49,Masculino,Arequipa,Tarde,No,No,Si,10398.78
Suplantacion de Identidad,Redes Sociales,18-29,Masculino,La Libertad,Manana,No,Si,Si,1072.92
Fraude Informatico,Redes Sociales,50-64,Masculino,Arequipa,Manana,No,No,Si,4484.87
Estafa por Internet,Redes Sociales,18-29,Femenino,Piura,Madrugada,Si,Si,Si,791.64
Acceso Ilicito,WhatsApp o SMS,30-49,Femenino,Lima,Manana,No,No,No,4860.62
Fraude Informatico,Pagina Web Falsa,18-29,Femenino,Cusco,Tarde,No,No,No,2712.35
Fraude Informatico,Redes Sociales,30-49,Masculino,Lima,Noche,No,Si,No,6497.1
Estafa por Internet,Redes Sociales,30-49,Masculino,Lima,Manana,No,No,Si,3032.5
Estafa por Internet,Redes Sociales,18-29,Femenino,La Libertad,Tarde,No,No,No,2558.67
Suplantacion de Identidad,Redes Sociales,18-29,Femenino,Lima,Tarde,No,No,No,1603.02
Suplantacion de Identidad,WhatsApp o SMS,18-29,Femenino,La Libertad,Noche,Si,No,No,1890.25
Fraude Informatico,Correo Electronico,30-49,Femenino,Arequipa,Tarde,No,No,Si,4765.39
Sextorsion,WhatsApp o SMS,50-64,Masculino,Lima,Tarde,Si,Si,Si,5236.74
Fraude Informatico,Correo Electronico,18-29,Masculino,Lima,Tarde,No,No,No,3685.62
Estafa por Internet,Pagina Web Falsa,30-49,Femenino,Lima,Noche,No,No,No,4071.75
Suplantacion de Identidad,Pagina Web Falsa,18-29,Masculino,Lambayeque,Madrugada,No,Si,No,1569.49
Suplantacion de Identidad,Redes Sociales,30-49,Femenino,La Libertad,Manana,No,No,No,2770.19
Suplantacion de Identidad,Redes Sociales,50-64,Masculino,Lima,Noche,Si,No,No,2375.33
Fraude Informatico,WhatsApp o SMS,18-29,Femenino,Lima,Tarde,Si,Si,Si,3938.97
Fraude Informatico,Correo Electronico,30-49,Femenino,Arequipa,Tarde,No,Si,Si,7342.66
Fraude Informatico,WhatsApp o SMS,18-29,Femenino,Puno,Tarde,No,No,No,7179.87
Fraude Informatico,Redes Sociales,18-29,Masculino,Lima,Manana,Si,No,No,8190.64
Acceso Ilicito,WhatsApp o SMS,18-29,Masculino,Lima,Tarde,No,No,No,3362.02
Fraude Informatico,WhatsApp o SMS,18-29,Masculino,Callao,Tarde,No,No,No,7454.59
Fraude Informatico,Redes Sociales,30-49,Femenino,Lima,Manana,Si,No,No,4919.45
Sextorsion,WhatsApp o SMS,30-49,Femenino,Lima,Tarde,No,Si,No,4069.17
Estafa por Internet,Correo Electronico,30-49,Femenino,Junin,Noche,Si,Si,No,1119.13
Estafa por Internet,WhatsApp o SMS,18-29,Masculino,Arequipa,Manana,No,Si,Si,1080.43
Sextorsion,WhatsApp o SMS,18-29,Femenino,Lima,Tarde,Si,No,Si,5578.93
Fraude Informatico,Redes Sociales,30-49,Masculino,Lima,Manana,No,Si,Si,9132.24
Fraude Informatico,WhatsApp o SMS,65 o mas,Masculino,Lima,Tarde,No,No,No,11829.76
Acceso Ilicito,WhatsApp o SMS,18-29,Masculino,Lima,Manana,No,No,Si,4241.5
Suplantacion de Identidad,Correo Electronico,50-64,Femenino,Callao,Tarde,No,No,Si,2129.33
Fraude Informatico,WhatsApp o SMS,30-49,Femenino,Lima,Noche,No,No,No,9971.81
Acceso Ilicito,Pagina Web Falsa,30-49,Femenino,Piura,Manana,No,Si,No,2939.75
Fraude Informatico,WhatsApp o SMS,30-49,Masculino,Lambayeque,Noche,No,No,No,9389.16
Fraude Informatico,WhatsApp o SMS,18-29,Masculino,Lima,Noche,Si,No,No,6474.55
Suplantacion de Identidad,Correo Electronico,18-29,Femenino,Lima,Madrugada,No,Si,No,1706.87
Suplantacion de Identidad,WhatsApp o SMS,30-49,Femenino,Lima,Manana,No,No,No,2563.94
Suplantacion de Identidad,WhatsApp o SMS,18-29,Masculino,Lambayeque,Noche,No,Si,No,1454.49
Fraude Informatico,Redes Sociales,50-64,Masculino,Cusco,Noche,No,No,No,5264.1
Estafa por Internet,WhatsApp o SMS,30-49,Femenino,Lima,Madrugada,No,No,No,2907.79
Fraude Informatico,Pagina Web Falsa,18-29,Masculino,La Libertad,Madrugada,No,Si,Si,4471.75
Fraude Informatico,WhatsApp o SMS,30-49,Femenino,Arequipa,Manana,Si,No,No,6204.68
Estafa por Internet,Correo Electronico,18-29,Femenino,Lambayeque,Noche,No,No,Si,2778.43
Sextorsion,Pagina Web Falsa,30-49,Masculino,Lima,Manana,No,No,No,5586.24
Estafa por Internet,Redes Sociales,30-49,Masculino,Lima,Tarde,Si,No,No,2607.99
Acceso Ilicito,Pagina Web Falsa,50-64,Masculino,Callao,Noche,Si,No,No,5207.76
Suplantacion de Identidad,Redes Sociales,50-64,Femenino,Lima,Madrugada,No,No,No,2386.82
Suplantacion de Identidad,Llamada Telefonica,30-49,Masculino,Lima,Tarde,Si,No,No,2286.28
Fraude Informatico,WhatsApp o SMS,30-49,Femenino,Lima,Manana,No,Si,No,5621.16
Fraude Informatico,Correo Electronico,65 o mas,Femenino,Lima,Noche,Si,No,No,6601.69
Fraude Informatico,Redes Sociales,18-29,Masculino,Lima,Manana,No,No,Si,7224.68
Fraude Informatico,Redes Sociales,18-29,Femenino,Junin,Tarde,No,No,No,3099.2
Acceso Ilicito,Redes Sociales,18-29,Masculino,Lima,Tarde,Si,Si,Si,3310.25
Suplantacion de Identidad,Correo Electronico,18-29,Masculino,Lima,Manana,No,Si,No,1822.86
Fraude Informatico,WhatsApp o SMS,30-49,Femenino,La Libertad,Madrugada,No,No,Si,4835.24
Fraude Informatico,WhatsApp o SMS,30-49,Femenino,Lima,Manana,No,Si,No,8059.63
Suplantacion de Identidad,Correo Electronico,30-49,Femenino,Lima,Manana,No,No,Si,2729.02
Fraude Informatico,Correo Electronico,18-29,Femenino,Piura,Noche,No,No,Si,3422.68
Estafa por Internet,Llamada Telefonica,30-49,Masculino,Callao,Noche,No,No,Si,2164.97
Suplantacion de Identidad,Correo Electronico,18-29,Masculino,Arequipa,Tarde,No,No,No,1363.48
Suplantacion de Identidad,Llamada Telefonica,30-49,Femenino,La Libertad,Tarde,No,No,Si,2518.41
Suplantacion de Identidad,Correo Electronico,30-49,Femenino,Lima,Tarde,No,No,No,2818.34
Acceso Ilicito,WhatsApp o SMS,18-29,Masculino,Junin,Noche,No,Si,Si,2167.69
Fraude Informatico,WhatsApp o SMS,18-29,Masculino,Lima,Manana,No,Si,No,6024.95
Suplantacion de Identidad,Correo Electronico,18-29,Femenino,Cusco,Manana,Si,No,No,1603.87
Suplantacion de Identidad,Redes Sociales,50-64,Femenino,Lima,Manana,No,No,No,2766.7
Fraude Informatico,WhatsApp o SMS,50-64,Masculino,Lambayeque,Tarde,No,No,No,9008.93
Estafa por Internet,Redes Sociales,30-49,Femenino,Piura,Manana,Si,No,Si,2085.66
Acceso Ilicito,Llamada Telefonica,18-29,Femenino,Piura,Manana,Si,No,Si,3522.19
Suplantacion de Identidad,Redes Sociales,30-49,Masculino,Lima,Madrugada,No,No,Si,2759.4
Estafa por Internet,Redes Sociales,30-49,Masculino,Lima,Tarde,Si,No,Si,3967.09
Estafa por Internet,Redes Sociales,50-64,Masculino,Arequipa,Manana,No,Si,Si,2301.81
Acceso Ilicito,WhatsApp o SMS,18-29,Masculino,Cusco,Manana,Si,No,No,1832.02
Acceso Ilicito,Redes Sociales,18-29,Masculino,Lima,Manana,No,No,No,3909.04
Suplantacion de Identidad,Redes Sociales,30-49,Femenino,Junin,Manana,No,No,No,1829.33
Suplantacion de Identidad,WhatsApp o SMS,18-29,Femenino,Callao,Tarde,No,No,No,1796.25
Suplantacion de Identidad,Correo Electronico,18-29,Femenino,Lima,Manana,Si,Si,No,1170.95
Acceso Ilicito,Redes Sociales,18-29,Femenino,Puno,Manana,No,No,No,4008.34
Fraude Informatico,Pagina Web Falsa,30-49,Masculino,Lima,Tarde,No,Si,No,7951.99
Estafa por Internet,Pagina Web Falsa,50-64,Masculino,Lima,Manana,No,Si,No,3198.27
Estafa por Internet,WhatsApp o SMS,65 o mas,Masculino,Lima,Manana,Si,No,Si,2438.33
Fraude Informatico,Correo Electronico,30-49,Masculino,Arequipa,Noche,Si,No,No,9276.56
Acceso Ilicito,Redes Sociales,30-49,Femenino,Piura,Manana,No,Si,No,4427.53
Fraude Informatico,Pagina Web Falsa,18-29,Femenino,Lima,Manana,No,Si,No,6122.77
Fraude Informatico,WhatsApp o SMS,30-49,Masculino,Arequipa,Madrugada,No,No,No,5811.51
Acceso Ilicito,Correo Electronico,18-29,Masculino,La Libertad,Tarde,No,Si,No,2174.83
Fraude Informatico,Redes Sociales,30-49,Masculino,Piura,Tarde,Si,Si,No,3026.24
Acceso Ilicito,WhatsApp o SMS,18-29,Masculino,Lima,Tarde,No,No,No,3894.28
Acceso Ilicito,WhatsApp o SMS,18-29,Masculino,Callao,Tarde,No,No,No,1937.67
Suplantacion de Identidad,Correo Electronico,18-29,Masculino,Lima,Manana,No,Si,No,1500.58
Fraude Informatico,Correo Electronico,18-29,Femenino,Lima,Manana,No,No,No,7179.51
Fraude Informatico,WhatsApp o SMS,18-29,Masculino,Lima,Noche,No,No,Si,5563.72
Suplantacion de Identidad,Redes Sociales,18-29,Masculino,Lima,Noche,No,No,No,1872.27
Sextorsion,Redes Sociales,65 o mas,Femenino,Callao,Madrugada,No,No,No,8804.18
Suplantacion de Identidad,Correo Electronico,30-49,Masculino,Lima,Tarde,No,No,No,1506.19
Fraude Informatico,WhatsApp o SMS,30-49,Femenino,Piura,Manana,No,Si,Si,7104.53
Suplantacion de Identidad,Pagina Web Falsa,50-64,Masculino,Lima,Madrugada,No,No,No,1660.12
Suplantacion de Identidad,WhatsApp o SMS,65 o mas,Femenino,Lima,Manana,No,No,Si,1489.36
Acceso Ilicito,Redes Sociales,30-49,Masculino,Tacna,Madrugada,Si,No,Si,2570.9
Fraude Informatico,WhatsApp o SMS,50-64,Femenino,Cusco,Tarde,No,No,No,8855.3
Acceso Ilicito,WhatsApp o SMS,18-29,Masculino,Lima,Tarde,No,No,No,3394.22
Suplantacion de Identidad,Redes Sociales,18-29,Femenino,Lima,Madrugada,Si,No,No,2264.66
Sextorsion,WhatsApp o SMS,30-49,Femenino,Lima,Madrugada,No,No,No,6763.07
Fraude Informatico,Pagina Web Falsa,30-49,Femenino,Lima,Noche,No,No,No,4308.57
Suplantacion de Identidad,WhatsApp o SMS,30-49,Masculino,Cusco,Manana,No,No,No,2555.1
Estafa por Internet,Redes Sociales,18-29,Femenino,Cusco,Tarde,No,No,No,1220.47
Fraude Informatico,WhatsApp o SMS,18-29,Femenino,Lima,Manana,No,Si,No,6124.55
Estafa por Internet,WhatsApp o SMS,30-49,Masculino,Lambayeque,Tarde,No,No,Si,1870.69
Suplantacion de Identidad,WhatsApp o SMS,18-29,Femenino,Arequipa,Manana,Si,No,No,1077.94
Fraude Informatico,Redes Sociales,30-49,Masculino,Lima,Madrugada,Si,No,Si,9459.54
Fraude Informatico,Redes Sociales,30-49,Femenino,Lima,Manana,No,No,Si,11997.41
Acceso Ilicito,Redes Sociales,30-49,Masculino,Arequipa,Manana,No,No,Si,3660.02
Fraude Informatico,Redes Sociales,50-64,Femenino,Arequipa,Manana,No,No,Si,9305.8
Suplantacion de Identidad,Redes Sociales,50-64,Femenino,Lima,Tarde,No,No,No,1709.71
Fraude Informatico,WhatsApp o SMS,30-49,Masculino,Lima,Manana,No,Si,No,8823.46
Suplantacion de Identidad,Redes Sociales,30-49,Masculino,Lima,Madrugada,Si,Si,No,2083.49
Fraude Informatico,Llamada Telefonica,30-49,Masculino,Puno,Tarde,No,No,No,4849.2
Estafa por Internet,Redes Sociales,18-29,Femenino,Lima,Tarde,Si,No,Si,1765.51
Sextorsion,Correo Electronico,18-29,Femenino,Lima,Noche,Si,No,Si,2779.79
Sextorsion,WhatsApp o SMS,18-29,Femenino,Cusco,Tarde,Si,Si,No,1942.53
Acceso Ilicito,Correo Electronico,30-49,Masculino,Lambayeque,Tarde,No,Si,No,2322.04
Fraude Informatico,Correo Electronico,30-49,Femenino,Junin,Tarde,No,No,No,8007.99
Acceso Ilicito,Redes Sociales,50-64,Femenino,Lima,Noche,No,No,No,7397.8
Fraude Informatico,Llamada Telefonica,18-29,Femenino,Lima,Noche,No,No,No,3200.06
Fraude Informatico,WhatsApp o SMS,18-29,Masculino,Lima,Manana,No,No,No,6505.75
Fraude Informatico,WhatsApp o SMS,65 o mas,Femenino,Lima,Manana,No,No,Si,9931.42
Suplantacion de Identidad,Correo Electronico,18-29,Masculino,Lambayeque,Manana,No,No,No,2121.31
Acceso Ilicito,Pagina Web Falsa,30-49,Femenino,Lima,Tarde,No,No,Si,4979.73
Suplantacion de Identidad,WhatsApp o SMS,30-49,Masculino,Lima,Tarde,Si,Si,Si,1878.66
Fraude Informatico,WhatsApp o SMS,30-49,Femenino,Lima,Tarde,No,Si,Si,6558.66
Fraude Informatico,WhatsApp o SMS,18-29,Masculino,Lima,Madrugada,No,No,No,4805.65
Sextorsion,WhatsApp o SMS,18-29,Masculino,Cusco,Tarde,No,No,Si,2224.12
Fraude Informatico,Correo Electronico,18-29,Femenino,Lima,Noche,Si,Si,Si,3634.63
Suplantacion de Identidad,Redes Sociales,30-49,Masculino,Lima,Manana,No,No,No,1367.66
Fraude Informatico,WhatsApp o SMS,30-49,Femenino,Lima,Tarde,No,No,No,8666.56
Acceso Ilicito,Redes Sociales,18-29,Masculino,Lima,Manana,No,No,Si,3027.35
Suplantacion de Identidad,WhatsApp o SMS,30-49,Masculino,Lima,Noche,Si,No,No,2325.61
Fraude Informatico,WhatsApp o SMS,50-64,Femenino,Arequipa,Noche,Si,No,No,3964.36
Fraude Informatico,Redes Sociales,18-29,Femenino,Arequipa,Tarde,No,No,No,7163.15
Suplantacion de Identidad,Llamada Telefonica,30-49,Femenino,Piura,Tarde,No,No,Si,2928.49
Suplantacion de Identidad,Pagina Web Falsa,30-49,Femenino,Lambayeque,Noche,No,No,Si,1448.99
Fraude Informatico,WhatsApp o SMS,18-29,Femenino,Lambayeque,Tarde,No,No,No,4217.22
Sextorsion,Pagina Web Falsa,18-29,Femenino,Junin,Manana,No,No,No,4453.97
Fraude Informatico,Correo Electronico,30-49,Femenino,Lima,Tarde,Si,Si,Si,3574.12
Fraude Informatico,Correo Electronico,50-64,Masculino,Lima,Manana,Si,No,Si,6409.26
Estafa por Internet,Redes Sociales,50-64,Femenino,Lima,Manana,No,No,Si,2478.67
Fraude Informatico,Redes Sociales,30-49,Femenino,Callao,Noche,No,No,No,9908.62
Suplantacion de Identidad,WhatsApp o SMS,30-49,Masculino,Tacna,Tarde,No,No,No,2840.27
Fraude Informatico,WhatsApp o SMS,18-29,Femenino,Callao,Manana,Si,No,No,4589.29
Fraude Informatico,WhatsApp o SMS,30-49,Femenino,Lima,Manana,Si,No,Si,7652.6
Sextorsion,WhatsApp o SMS,30-49,Femenino,Junin,Manana,No,No,No,8012.06
Fraude Informatico,Redes Sociales,18-29,Masculino,Lima,Manana,No,No,No,8952.67
Estafa por Internet,Correo Electronico,30-49,Masculino,Lima,Manana,No,No,No,4848.79
Fraude Informatico,Redes Sociales,30-49,Femenino,Lima,Tarde,No,No,No,5159.38
Fraude Informatico,WhatsApp o SMS,18-29,Masculino,Lima,Manana,Si,No,Si,3633.07
Fraude Informatico,Llamada Telefonica,50-64,Masculino,Lima,Tarde,No,No,No,9708.08
Suplantacion de Identidad,Llamada Telefonica,18-29,Masculino,Lima,Manana,Si,No,Si,1718.37
Fraude Informatico,Correo Electronico,18-29,Masculino,Lima,Noche,No,No,Si,3240.41
Estafa por Internet,Llamada Telefonica,18-29,Masculino,Arequipa,Manana,Si,No,No,955.36
Suplantacion de Identidad,Redes Sociales,50-64,Femenino,Callao,Madrugada,No,No,Si,2914.97
Sextorsion,Llamada Telefonica,30-49,Femenino,La Libertad,Madrugada,Si,No,Si,6844.35
Fraude Informatico,WhatsApp o SMS,18-29,Femenino,Lima,Tarde,No,No,Si,5357.94
Estafa por Internet,Redes Sociales,30-49,Masculino,Puno,Tarde,No,No,No,3894.94
Acceso Ilicito,WhatsApp o SMS,18-29,Masculino,Lambayeque,Manana,No,No,No,3281.03
Acceso Ilicito,WhatsApp o SMS,50-64,Masculino,Lima,Manana,No,No,No,6464.23
Acceso Ilicito,WhatsApp o SMS,30-49,Masculino,Lima,Madrugada,No,Si,Si,3756.1
Acceso Ilicito,Redes Sociales,30-49,Femenino,Lima,Tarde,No,Si,Si,2484.26
Suplantacion de Identidad,Correo Electronico,65 o mas,Masculino,Lima,Tarde,Si,No,Si,2381.0
Fraude Informatico,Redes Sociales,18-29,Masculino,La Libertad,Madrugada,No,No,No,4786.5
Fraude Informatico,WhatsApp o SMS,18-29,Masculino,Callao,Madrugada,Si,No,No,4466.51
Estafa por Internet,Pagina Web Falsa,30-49,Masculino,Lima,Madrugada,Si,No,No,1816.75
Suplantacion de Identidad,Redes Sociales,65 o mas,Masculino,Puno,Madrugada,No,No,No,3579.36
Acceso Ilicito,Redes Sociales,18-29,Femenino,Callao,Tarde,No,No,Si,2232.41
Suplantacion de Identidad,Correo Electronico,18-29,Masculino,Lambayeque,Manana,No,Si,No,733.48
Fraude Informatico,WhatsApp o SMS,18-29,Femenino,Lima,Manana,No,No,No,6417.52
Fraude Informatico,WhatsApp o SMS,30-49,Masculino,Lambayeque,Manana,No,No,No,7260.46
Suplantacion de Identidad,Pagina Web Falsa,18-29,Masculino,Lima,Noche,Si,No,No,1550.7
Fraude Informatico,WhatsApp o SMS,30-49,Femenino,Arequipa,Noche,No,No,No,8903.25
Fraude Informatico,Redes Sociales,65 o mas,Masculino,Lima,Manana,No,Si,No,7879.07
Suplantacion de Identidad,Pagina Web Falsa,30-49,Femenino,Lima,Manana,No,Si,No,2247.13
Fraude Informatico,Correo Electronico,18-29,Femenino,Piura,Manana,Si,Si,No,3365.3
Suplantacion de Identidad,WhatsApp o SMS,30-49,Femenino,Lima,Tarde,No,No,No,1299.44
Fraude Informatico,WhatsApp o SMS,18-29,Masculino,Lima,Madrugada,No,No,Si,6691.53
Acceso Ilicito,WhatsApp o SMS,50-64,Masculino,Lima,Tarde,No,No,No,6851.76
Fraude Informatico,Redes Sociales,30-49,Masculino,La Libertad,Tarde,No,No,Si,3621.72
Suplantacion de Identidad,Redes Sociales,18-29,Femenino,Lima,Noche,Si,No,Si,1493.55
Fraude Informatico,WhatsApp o SMS,30-49,Masculino,Cusco,Manana,Si,No,No,8913.92
Fraude Informatico,Llamada Telefonica,30-49,Masculino,Lima,Noche,No,No,Si,7038.52
Fraude Informatico,Redes Sociales,30-49,Femenino,Lima,Tarde,No,No,No,7909.51
Suplantacion de Identidad,WhatsApp o SMS,18-29,Femenino,Lima,Madrugada,No,No,Si,2777.89
Suplantacion de Identidad,Redes Sociales,50-64,Femenino,Lima,Manana,No,No,Si,1730.83
Fraude Informatico,Correo Electronico,65 o mas,Masculino,Lima,Manana,No,No,Si,5228.61
Suplantacion de Identidad,WhatsApp o SMS,30-49,Masculino,Lima,Manana,No,No,No,3364.57
Estafa por Internet,WhatsApp o SMS,65 o mas,Masculino,Junin,Manana,No,No,No,4379.09
Acceso Ilicito,Pagina Web Falsa,18-29,Femenino,La Libertad,Tarde,Si,No,No,2478.8
Fraude Informatico,Redes Sociales,30-49,Masculino,Lima,Manana,No,No,Si,8367.21
Suplantacion de Identidad,Redes Sociales,30-49,Femenino,Lima,Noche,Si,Si,Si,2404.45
Fraude Informatico,Redes Sociales,30-49,Femenino,Callao,Madrugada,No,No,No,8669.92
Fraude Informatico,WhatsApp o SMS,30-49,Masculino,Lima,Noche,No,No,No,6312.48
Sextorsion,WhatsApp o SMS,18-29,Femenino,Lima,Manana,Si,No,Si,2274.33
Fraude Informatico,Redes Sociales,18-29,Masculino,Piura,Tarde,No,Si,No,3428.95
Suplantacion de Identidad,WhatsApp o SMS,18-29,Femenino,Arequipa,Manana,No,No,Si,2038.37
Suplantacion de Identidad,WhatsApp o SMS,18-29,Masculino,Arequipa,Madrugada,No,No,Si,2093.75
Acceso Ilicito,Pagina Web Falsa,30-49,Femenino,Lima,Noche,No,No,No,7208.32
Suplantacion de Identidad,Llamada Telefonica,18-29,Masculino,Lima,Manana,Si,No,Si,2276.28
Fraude Informatico,Correo Electronico,18-29,Femenino,Arequipa,Tarde,Si,No,No,4590.19
Fraude Informatico,Pagina Web Falsa,30-49,Femenino,Lima,Tarde,No,No,No,7793.0
Suplantacion de Identidad,WhatsApp o SMS,30-49,Masculino,Lima,Tarde,No,Si,Si,2581.57
Fraude Informatico,Llamada Telefonica,50-64,Femenino,Lima,Tarde,No,Si,Si,8368.8
Fraude Informatico,WhatsApp o SMS,30-49,Masculino,Lima,Tarde,No,No,No,8564.68
Fraude Informatico,Llamada Telefonica,18-29,Masculino,Junin,Madrugada,No,No,No,2936.64
Fraude Informatico,Llamada Telefonica,50-64,Femenino,Puno,Tarde,No,No,No,9982.57
Fraude Informatico,Correo Electronico,30-49,Femenino,Piura,Noche,No,Si,No,5255.81
Fraude Informatico,Llamada Telefonica,18-29,Masculino,Lima,Madrugada,No,No,No,5395.84
Suplantacion de Identidad,Redes Sociales,30-49,Masculino,Lima,Madrugada,No,Si,No,2287.37
Suplantacion de Identidad,WhatsApp o SMS,50-64,Masculino,Lima,Tarde,No,No,No,2905.25
Acceso Ilicito,Redes Sociales,18-29,Femenino,Lima,Manana,No,No,No,2665.08
Fraude Informatico,Redes Sociales,18-29,Masculino,Tacna,Manana,Si,Si,No,3676.58
Fraude Informatico,WhatsApp o SMS,18-29,Femenino,Lima,Madrugada,Si,No,Si,4344.65
Fraude Informatico,Redes Sociales,18-29,Masculino,Lima,Tarde,No,No,Si,4291.77
Suplantacion de Identidad,Llamada Telefonica,30-49,Masculino,Lima,Madrugada,No,No,No,2243.34
Acceso Ilicito,WhatsApp o SMS,30-49,Femenino,La Libertad,Tarde,Si,No,No,4614.6
Fraude Informatico,Correo Electronico,18-29,Femenino,Lima,Tarde,Si,No,No,8060.02
Estafa por Internet,Pagina Web Falsa,65 o mas,Femenino,Lima,Manana,Si,No,No,4451.56
Fraude Informatico,Llamada Telefonica,50-64,Femenino,Lima,Tarde,No,No,No,11882.87
Suplantacion de Identidad,Llamada Telefonica,30-49,Masculino,Callao,Noche,Si,Si,Si,912.86
Acceso Ilicito,Redes Sociales,50-64,Femenino,Lima,Tarde,No,Si,Si,2313.27
Estafa por Internet,Llamada Telefonica,18-29,Femenino,Lambayeque,Noche,Si,No,Si,1798.1
Acceso Ilicito,Correo Electronico,30-49,Femenino,Puno,Manana,Si,No,No,2963.62
Acceso Ilicito,WhatsApp o SMS,30-49,Masculino,Lima,Tarde,No,No,Si,6573.87
Fraude Informatico,Redes Sociales,50-64,Masculino,Cusco,Madrugada,Si,No,Si,7324.92
Acceso Ilicito,Correo Electronico,50-64,Femenino,Lima,Madrugada,No,No,No,7280.1
Fraude Informatico,WhatsApp o SMS,18-29,Femenino,Junin,Manana,Si,Si,No,2075.68
Estafa por Internet,Redes Sociales,65 o mas,Masculino,Lima,Manana,No,Si,No,3055.93
Suplantacion de Identidad,Correo Electronico,18-29,Masculino,Lima,Noche,Si,No,No,1652.05
Acceso Ilicito,WhatsApp o SMS,50-64,Femenino,Lima,Manana,No,No,Si,3658.93
Suplantacion de Identidad,Redes Sociales,65 o mas,Femenino,Lima,Tarde,Si,No,No,2779.74
Suplantacion de Identidad,Correo Electronico,18-29,Femenino,Tacna,Tarde,No,No,No,1414.93
Suplantacion de Identidad,Redes Sociales,30-49,Femenino,Lima,Tarde,No,No,No,2343.14
Acceso Ilicito,WhatsApp o SMS,18-29,Masculino,La Libertad,Manana,No,No,No,2588.21
Fraude Informatico,WhatsApp o SMS,30-49,Masculino,Lima,Tarde,Si,Si,Si,3101.58
Fraude Informatico,Redes Sociales,30-49,Femenino,Junin,Manana,No,No,No,7154.67
Fraude Informatico,Llamada Telefonica,30-49,Masculino,Lima,Madrugada,No,Si,Si,5637.92
Fraude Informatico,WhatsApp o SMS,65 o mas,Femenino,Lima,Noche,No,No,No,4637.21
Estafa por Internet,Redes Sociales,30-49,Masculino,Lima,Madrugada,Si,No,No,2423.83
Fraude Informatico,WhatsApp o SMS,30-49,Masculino,Piura,Madrugada,No,Si,No,4282.46
Sextorsion,WhatsApp o SMS,50-64,Femenino,Lima,Noche,No,Si,Si,4824.62
Fraude Informatico,Pagina Web Falsa,65 o mas,Femenino,Lima,Manana,No,No,No,5844.63
Fraude Informatico,Correo Electronico,18-29,Masculino,Lima,Tarde,No,No,No,6298.02
Acceso Ilicito,WhatsApp o SMS,65 o mas,Femenino,Piura,Manana,No,Si,No,4650.52
Suplantacion de Identidad,Redes Sociales,18-29,Femenino,Lima,Manana,No,No,No,2119.1
Suplantacion de Identidad,WhatsApp o SMS,50-64,Masculino,Arequipa,Manana,Si,No,Si,2444.54
Suplantacion de Identidad,Redes Sociales,18-29,Masculino,Lima,Manana,Si,No,No,1570.81
Acceso Ilicito,Correo Electronico,18-29,Femenino,Callao,Manana,No,Si,No,2140.09
Fraude Informatico,WhatsApp o SMS,30-49,Masculino,Junin,Tarde,No,Si,No,7207.21
Sextorsion,WhatsApp o SMS,30-49,Femenino,Lima,Tarde,No,Si,Si,5009.59
Sextorsion,Redes Sociales,18-29,Masculino,Lima,Noche,No,No,No,6008.0
Suplantacion de Identidad,Pagina Web Falsa,18-29,Masculino,Lima,Madrugada,Si,No,Si,1542.09
Fraude Informatico,Llamada Telefonica,30-49,Masculino,Lima,Tarde,No,No,Si,7571.32
Suplantacion de Identidad,WhatsApp o SMS,50-64,Femenino,Lima,Tarde,No,Si,No,2551.92
Fraude Informatico,Correo Electronico,18-29,Masculino,La Libertad,Noche,No,No,No,3374.18
Fraude Informatico,Redes Sociales,18-29,Masculino,Lima,Madrugada,Si,No,No,4612.22
Fraude Informatico,Redes Sociales,30-49,Femenino,Junin,Tarde,No,No,Si,5069.21
Suplantacion de Identidad,Correo Electronico,18-29,Femenino,Lima,Noche,No,No,No,1610.83
Estafa por Internet,Pagina Web Falsa,50-64,Femenino,La Libertad,Manana,No,Si,No,1606.82
Acceso Ilicito,Llamada Telefonica,50-64,Femenino,Lima,Noche,Si,No,Si,4857.33
Acceso Ilicito,Redes Sociales,30-49,Masculino,Lima,Madrugada,Si,Si,No,4673.41
Fraude Informatico,Redes Sociales,18-29,Femenino,Lima,Tarde,No,No,No,8041.33
Fraude Informatico,Correo Electronico,50-64,Femenino,Lima,Noche,No,Si,No,5835.38
Fraude Informatico,WhatsApp o SMS,30-49,Masculino,Lima,Tarde,Si,Si,No,8932.56
Sextorsion,Redes Sociales,50-64,Femenino,Piura,Manana,No,No,No,6125.58
Fraude Informatico,Redes Sociales,30-49,Femenino,Junin,Madrugada,No,Si,No,4946.7
Estafa por Internet,Correo Electronico,50-64,Femenino,Lima,Noche,No,No,Si,4407.28
Suplantacion de Identidad,WhatsApp o SMS,30-49,Masculino,Lima,Tarde,No,Si,No,2490.49
Fraude Informatico,WhatsApp o SMS,30-49,Masculino,Lima,Madrugada,No,Si,Si,8432.61
Acceso Ilicito,Pagina Web Falsa,65 o mas,Masculino,Lima,Tarde,Si,Si,Si,2923.79
Suplantacion de Identidad,WhatsApp o SMS,30-49,Femenino,Lima,Tarde,No,No,No,2396.6
Estafa por Internet,Redes Sociales,30-49,Masculino,Cusco,Madrugada,No,No,Si,3813.12
Estafa por Internet,WhatsApp o SMS,18-29,Femenino,Tacna,Manana,Si,No,No,1706.86
Fraude Informatico,WhatsApp o SMS,30-49,Femenino,Junin,Madrugada,No,No,Si,8284.17
Fraude Informatico,WhatsApp o SMS,30-49,Femenino,Lima,Tarde,No,Si,Si,7343.55
Suplantacion de Identidad,WhatsApp o SMS,18-29,Masculino,Callao,Tarde,No,Si,No,1409.47
Estafa por Internet,Pagina Web Falsa,18-29,Femenino,Piura,Tarde,Si,Si,No,863.02
Fraude Informatico,WhatsApp o SMS,30-49,Femenino,Lima,Noche,Si,No,No,8066.06
Suplantacion de Identidad,Llamada Telefonica,50-64,Femenino,Lima,Noche,Si,Si,No,1121.82
Suplantacion de Identidad,Redes Sociales,30-49,Femenino,Puno,Tarde,Si,Si,No,1696.05
Acceso Ilicito,Redes Sociales,18-29,Masculino,Lima,Madrugada,No,Si,No,3511.11
Fraude Informatico,Redes Sociales,30-49,Femenino,Lima,Tarde,No,No,Si,4478.41
Acceso Ilicito,Redes Sociales,18-29,Masculino,Lima,Manana,Si,No,No,3880.11
Estafa por Internet,Correo Electronico,30-49,Femenino,Arequipa,Tarde,No,No,Si,2561.13
Fraude Informatico,WhatsApp o SMS,18-29,Masculino,Lima,Tarde,No,No,Si,3900.61
Fraude Informatico,Redes Sociales,18-29,Masculino,Lambayeque,Manana,No,No,No,4599.54
Sextorsion,Pagina Web Falsa,18-29,Femenino,La Libertad,Noche,No,Si,Si,1943.85
Fraude Informatico,Llamada Telefonica,18-29,Femenino,La Libertad,Madrugada,Si,No,No,3891.13
Estafa por Internet,Pagina Web Falsa,18-29,Masculino,Lima,Tarde,No,No,No,2210.85
Suplantacion de Identidad,Redes Sociales,18-29,Masculino,Arequipa,Madrugada,No,No,Si,1857.59
Fraude Informatico,Correo Electronico,30-49,Femenino,Lima,Noche,Si,Si,No,7645.29
Estafa por Internet,Redes Sociales,30-49,Femenino,Lima,Madrugada,No,Si,No,2988.98
Fraude Informatico,Redes Sociales,18-29,Masculino,Lima,Madrugada,No,Si,Si,2482.76
Suplantacion de Identidad,WhatsApp o SMS,50-64,Masculino,Lima,Manana,No,No,Si,3541.78
Fraude Informatico,Redes Sociales,18-29,Femenino,Arequipa,Manana,Si,No,Si,5041.49
Suplantacion de Identidad,WhatsApp o SMS,30-49,Femenino,Lima,Manana,Si,Si,Si,961.55
Fraude Informatico,WhatsApp o SMS,18-29,Femenino,Lima,Tarde,Si,No,No,7253.58
Fraude Informatico,Pagina Web Falsa,18-29,Masculino,Lima,Manana,Si,No,No,3851.46
Sextorsion,WhatsApp o SMS,30-49,Femenino,Tacna,Madrugada,No,No,Si,6043.64
Fraude Informatico,WhatsApp o SMS,30-49,Masculino,Arequipa,Manana,Si,No,No,6041.46
Suplantacion de Identidad,WhatsApp o SMS,50-64,Femenino,La Libertad,Noche,Si,No,No,1724.7
Fraude Informatico,Llamada Telefonica,30-49,Femenino,Lima,Tarde,No,No,No,11465.14
Acceso Ilicito,Redes Sociales,65 o mas,Masculino,Lima,Tarde,No,No,Si,5202.36
Fraude Informatico,Redes Sociales,18-29,Masculino,Tacna,Tarde,Si,No,No,2445.21
Sextorsion,Pagina Web Falsa,18-29,Masculino,Lima,Manana,Si,No,Si,6365.21
Suplantacion de Identidad,Pagina Web Falsa,18-29,Femenino,Lima,Madrugada,Si,No,No,2343.88
Fraude Informatico,WhatsApp o SMS,18-29,Masculino,La Libertad,Manana,Si,No,No,5033.84
Fraude Informatico,Correo Electronico,30-49,Masculino,Lima,Noche,No,No,No,7985.11
Fraude Informatico,Correo Electronico,30-49,Femenino,Puno,Noche,No,No,No,4150.02
Suplantacion de Identidad,Correo Electronico,18-29,Femenino,Lima,Tarde,No,No,Si,2420.15
Fraude Informatico,WhatsApp o SMS,65 o mas,Femenino,Lima,Madrugada,No,No,No,5323.17
Acceso Ilicito,Pagina Web Falsa,50-64,Femenino,Lima,Madrugada,Si,No,No,2558.7
Fraude Informatico,Redes Sociales,18-29,Masculino,Lima,Manana,No,No,No,6483.65
Fraude Informatico,WhatsApp o SMS,18-29,Femenino,Callao,Tarde,No,Si,No,2310.45
Suplantacion de Identidad,Redes Sociales,18-29,Masculino,La Libertad,Madrugada,No,No,No,761.6
Acceso Ilicito,WhatsApp o SMS,18-29,Masculino,Lima,Noche,No,No,No,3461.68
Fraude Informatico,WhatsApp o SMS,18-29,Masculino,Lima,Manana,No,No,Si,3982.61
Fraude Informatico,Correo Electronico,30-49,Masculino,La Libertad,Noche,No,Si,Si,3632.83
Fraude Informatico,WhatsApp o SMS,18-29,Femenino,Arequipa,Tarde,No,No,No,2884.55
Acceso Ilicito,Redes Sociales,18-29,Femenino,Lima,Tarde,No,No,No,2644.1
Suplantacion de Identidad,Redes Sociales,65 o mas,Femenino,Lima,Tarde,Si,No,No,3099.48
Suplantacion de Identidad,WhatsApp o SMS,30-49,Masculino,Lima,Tarde,No,Si,No,2650.58
Acceso Ilicito,Llamada Telefonica,65 o mas,Femenino,La Libertad,Tarde,No,Si,Si,3714.88
Acceso Ilicito,WhatsApp o SMS,18-29,Masculino,Tacna,Tarde,No,No,Si,3019.66
Suplantacion de Identidad,WhatsApp o SMS,18-29,Femenino,Lima,Tarde,No,No,No,998.73
Estafa por Internet,WhatsApp o SMS,30-49,Femenino,Arequipa,Noche,No,No,Si,1594.09
Fraude Informatico,WhatsApp o SMS,18-29,Femenino,Lima,Tarde,Si,Si,No,3030.27
Fraude Informatico,WhatsApp o SMS,18-29,Masculino,Lima,Tarde,Si,No,No,5741.44
Fraude Informatico,Correo Electronico,30-49,Masculino,Lima,Noche,No,No,No,10226.3
Fraude Informatico,Llamada Telefonica,30-49,Femenino,Puno,Manana,No,Si,No,6077.52
Suplantacion de Identidad,WhatsApp o SMS,30-49,Femenino,Lima,Madrugada,Si,Si,Si,1605.83
Estafa por Internet,Correo Electronico,30-49,Femenino,Lima,Tarde,Si,Si,No,1483.98
Fraude Informatico,Correo Electronico,30-49,Masculino,Lima,Tarde,No,Si,No,8645.22
Fraude Informatico,Pagina Web Falsa,18-29,Masculino,Lima,Noche,No,Si,Si,4102.98
Suplantacion de Identidad,Redes Sociales,18-29,Femenino,Lima,Manana,No,No,Si,2317.6
Estafa por Internet,WhatsApp o SMS,18-29,Masculino,Piura,Tarde,No,Si,Si,1418.17
Fraude Informatico,WhatsApp o SMS,18-29,Femenino,Lima,Tarde,No,Si,Si,5883.64
Suplantacion de Identidad,Correo Electronico,65 o mas,Masculino,La Libertad,Madrugada,No,No,No,3377.49
Fraude Informatico,Pagina Web Falsa,30-49,Femenino,Lima,Tarde,No,No,Si,11723.49
Fraude Informatico,WhatsApp o SMS,30-49,Masculino,Lima,Noche,No,Si,Si,6986.97
Sextorsion,Redes Sociales,18-29,Femenino,Lima,Manana,Si,No,Si,4450.64
Sextorsion,Pagina Web Falsa,18-29,Masculino,Lima,Tarde,Si,Si,Si,2450.17
Fraude Informatico,Pagina Web Falsa,18-29,Masculino,Lima,Tarde,No,No,No,8973.75
Sextorsion,Llamada Telefonica,18-29,Masculino,Lima,Manana,Si,No,Si,4214.84
Suplantacion de Identidad,Correo Electronico,18-29,Masculino,La Libertad,Madrugada,No,No,No,941.39
Estafa por Internet,Redes Sociales,50-64,Masculino,La Libertad,Noche,Si,No,No,2331.76
Suplantacion de Identidad,Redes Sociales,30-49,Femenino,Lima,Manana,No,No,No,1551.96
Suplantacion de Identidad,Correo Electronico,30-49,Femenino,Lima,Manana,No,No,Si,2481.27
Suplantacion de Identidad,WhatsApp o SMS,30-49,Femenino,Lima,Manana,No,No,No,2626.66
Suplantacion de Identidad,Redes Sociales,50-64,Masculino,Lima,Tarde,No,No,No,2073.45
Fraude Informatico,Correo Electronico,18-29,Femenino,Lima,Tarde,Si,No,No,3144.08
Fraude Informatico,WhatsApp o SMS,18-29,Masculino,Callao,Tarde,No,No,Si,7217.52
Fraude Informatico,Correo Electronico,18-29,Masculino,Lima,Madrugada,No,Si,No,6048.43
Acceso Ilicito,Redes Sociales,50-64,Femenino,Lima,Noche,No,No,Si,6627.46
Fraude Informatico,Llamada Telefonica,65 o mas,Femenino,Lima,Manana,No,No,Si,8018.53
Suplantacion de Identidad,WhatsApp o SMS,18-29,Femenino,Lima,Manana,No,No,No,2364.06
Sextorsion,WhatsApp o SMS,50-64,Femenino,La Libertad,Tarde,No,No,No,5518.09
Fraude Informatico,Redes Sociales,50-64,Femenino,Lima,Manana,Si,No,Si,5258.13
Suplantacion de Identidad,WhatsApp o SMS,18-29,Femenino,Lima,Noche,Si,No,Si,1030.3
Fraude Informatico,Correo Electronico,18-29,Masculino,La Libertad,Noche,Si,Si,Si,2323.89
Estafa por Internet,Correo Electronico,30-49,Masculino,Lima,Manana,No,Si,No,1721.39
Fraude Informatico,WhatsApp o SMS,65 o mas,Femenino,Piura,Noche,Si,Si,Si,8615.05
Suplantacion de Identidad,Redes Sociales,18-29,Femenino,Arequipa,Tarde,No,No,No,823.78
Acceso Ilicito,Redes Sociales,50-64,Femenino,Lima,Noche,No,No,No,4658.66
Estafa por Internet,Redes Sociales,18-29,Masculino,La Libertad,Manana,No,No,Si,1904.19
Suplantacion de Identidad,Llamada Telefonica,30-49,Masculino,Lima,Tarde,Si,No,No,1801.42
Suplantacion de Identidad,Pagina Web Falsa,30-49,Femenino,Lima,Manana,Si,Si,Si,1928.43
Suplantacion de Identidad,Correo Electronico,30-49,Femenino,Lima,Noche,Si,No,No,1462.45
Estafa por Internet,Correo Electronico,50-64,Masculino,Lima,Madrugada,Si,No,Si,3851.74
Suplantacion de Identidad,Redes Sociales,50-64,Masculino,Arequipa,Tarde,Si,No,No,1560.84
Fraude Informatico,Llamada Telefonica,50-64,Femenino,Callao,Manana,Si,Si,No,5183.88
Estafa por Internet,Correo Electronico,18-29,Masculino,Tacna,Manana,No,Si,Si,1701.89
Suplantacion de Identidad,Correo Electronico,30-49,Femenino,Arequipa,Tarde,No,No,No,2916.99
Suplantacion de Identidad,Pagina Web Falsa,18-29,Femenino,Lima,Noche,No,Si,No,1903.5
Fraude Informatico,WhatsApp o SMS,30-49,Masculino,Lima,Tarde,No,No,Si,9143.55
Suplantacion de Identidad,Pagina Web Falsa,30-49,Masculino,Lima,Noche,No,Si,No,1799.0
Fraude Informatico,WhatsApp o SMS,30-49,Femenino,Lima,Manana,No,Si,Si,6771.63
Suplantacion de Identidad,WhatsApp o SMS,30-49,Masculino,Lima,Tarde,No,Si,No,2569.19
Fraude Informatico,WhatsApp o SMS,65 o mas,Femenino,Lambayeque,Tarde,Si,No,No,9987.21
Suplantacion de Identidad,Llamada Telefonica,18-29,Masculino,Lima,Madrugada,Si,No,Si,996.24
Sextorsion,Pagina Web Falsa,30-49,Femenino,Lima,Tarde,No,No,Si,5840.05
Fraude Informatico,Correo Electronico,18-29,Masculino,Lima,Tarde,No,No,No,7975.73
Sextorsion,Correo Electronico,18-29,Masculino,Puno,Tarde,No,Si,No,2608.62
Fraude Informatico,Redes Sociales,18-29,Femenino,La Libertad,Tarde,No,No,Si,4161.14
Estafa por Internet,Llamada Telefonica,65 o mas,Masculino,Arequipa,Tarde,Si,No,No,2642.84
Acceso Ilicito,Redes Sociales,50-64,Masculino,Lima,Madrugada,No,Si,No,4466.52
Suplantacion de Identidad,Redes Sociales,50-64,Masculino,Puno,Madrugada,No,No,No,3149.59
Acceso Ilicito,WhatsApp o SMS,65 o mas,Femenino,Lima,Tarde,Si,No,No,5064.26
Estafa por Internet,Correo Electronico,18-29,Masculino,Callao,Manana,Si,No,No,1204.44
Fraude Informatico,Correo Electronico,18-29,Masculino,Lima,Madrugada,No,No,No,4142.79
Fraude Informatico,Redes Sociales,30-49,Femenino,Lima,Manana,Si,No,No,4067.62
Suplantacion de Identidad,WhatsApp o SMS,30-49,Masculino,Lima,Tarde,No,Si,No,2144.1
Acceso Ilicito,Pagina Web Falsa,30-49,Femenino,La Libertad,Manana,No,No,No,4387.2
Acceso Ilicito,WhatsApp o SMS,18-29,Femenino,Lima,Tarde,No,Si,Si,2009.92
Acceso Ilicito,Correo Electronico,30-49,Masculino,Callao,Tarde,No,No,No,5020.38
Fraude Informatico,Llamada Telefonica,30-49,Masculino,Lima,Manana,No,No,Si,10239.13
Acceso Ilicito,Redes Sociales,18-29,Masculino,Lima,Tarde,No,No,Si,2846.62
Fraude Informatico,WhatsApp o SMS,30-49,Femenino,Lima,Tarde,No,No,No,6963.82
Suplantacion de Identidad,Correo Electronico,30-49,Masculino,Lima,Tarde,Si,No,Si,3353.56
Fraude Informatico,Pagina Web Falsa,30-49,Femenino,Lima,Tarde,No,No,No,7212.68
Fraude Informatico,Redes Sociales,18-29,Femenino,Lima,Madrugada,No,No,Si,7880.01
Fraude Informatico,Llamada Telefonica,30-49,Femenino,La Libertad,Tarde,Si,No,Si,5954.53
Fraude Informatico,WhatsApp o SMS,18-29,Masculino,Lima,Manana,No,No,No,8083.41
Suplantacion de Identidad,Redes Sociales,18-29,Masculino,Junin,Noche,Si,No,Si,1618.0
Fraude Informatico,Correo Electronico,50-64,Masculino,Arequipa,Noche,No,Si,No,6422.66
Fraude Informatico,Pagina Web Falsa,30-49,Masculino,Cusco,Tarde,No,Si,No,7451.28
Fraude Informatico,WhatsApp o SMS,18-29,Femenino,Lima,Manana,No,No,Si,8995.12
Fraude Informatico,Pagina Web Falsa,30-49,Masculino,Lima,Manana,No,No,No,8909.86
Fraude Informatico,Redes Sociales,30-49,Femenino,Lima,Manana,No,Si,No,4977.92
Fraude Informatico,Redes Sociales,50-64,Femenino,Arequipa,Tarde,No,No,No,6290.4
Suplantacion de Identidad,WhatsApp o SMS,30-49,Femenino,Callao,Manana,No,Si,Si,2076.2
Suplantacion de Identidad,Pagina Web Falsa,30-49,Masculino,Lima,Tarde,No,No,No,2848.44
Suplantacion de Identidad,WhatsApp o SMS,30-49,Femenino,Lima,Manana,No,Si,Si,1372.54
Suplantacion de Identidad,WhatsApp o SMS,18-29,Masculino,Callao,Noche,No,No,No,826.86
Fraude Informatico,WhatsApp o SMS,18-29,Femenino,Lima,Madrugada,No,Si,No,5619.07
Estafa por Internet,Pagina Web Falsa,30-49,Femenino,La Libertad,Noche,No,No,Si,2103.02
